participant_id,community_group,endpoint_id,lock,erp_component,window_start_ms,window_end_ms,electrodes,compatibility,stimulus_factor,stimulus_level,semantic_cell_id,retained_trial_count,mean_amplitude_uv
ERP001,high-support,word_N2,word,N2,160,240,P7|P8|PO7|PO5,compatible,word_valence,positive,compatible_positive,19,-0.58165376310683437
ERP001,high-support,word_N2,word,N2,160,240,P7|P8|PO7|PO5,compatible,word_valence,negative,compatible_negative,20,0.48303928120799944
ERP001,high-support,word_N2,word,N2,160,240,P7|P8|PO7|PO5,incompatible,word_valence,negative,incompatible_negative,20,-1.9765806384151365
ERP001,high-support,word_N2,word,N2,160,240,P7|P8|PO7|PO5,incompatible,word_valence,positive,incompatible_positive,20,-2.516779166081081
ERP002,high-support,word_N2,word,N2,160,240,P7|P8|PO7|PO5,compatible,word_valence,positive,compatible_positive,20,2.4797428140904012
ERP002,high-support,word_N2,word,N2,160,240,P7|P8|PO7|PO5,compatible,word_valence,negative,compatible_negative,20,2.4028333016948493
ERP002,high-support,word_N2,word,N2,160,240,P7|P8|PO7|PO5,incompatible,word_valence,negative,incompatible_negative,17,-2.5460683834462143
ERP002,high-support,word_N2,word,N2,160,240,P7|P8|PO7|PO5,incompatible,word_valence,positive,incompatible_positive,20,0.61802672690625116
ERP003,high-support,word_N2,word,N2,160,240,P7|P8|PO7|PO5,compatible,word_valence,positive,compatible_positive,20,-3.5253496178798587
ERP003,high-support,word_N2,word,N2,160,240,P7|P8|PO7|PO5,compatible,word_valence,negative,compatible_negative,20,-3.1814624142191783
ERP003,high-support,word_N2,word,N2,160,240,P7|P8|PO7|PO5,incompatible,word_valence,negative,incompatible_negative,19,-2.0921669653205819
ERP003,high-support,word_N2,word,N2,160,240,P7|P8|PO7|PO5,incompatible,word_valence,positive,incompatible_positive,19,-3.697712067727613
ERP004,high-support,word_N2,word,N2,160,240,P7|P8|PO7|PO5,compatible,word_valence,positive,compatible_positive,20,-5.2612800233625281
ERP004,high-support,word_N2,word,N2,160,240,P7|P8|PO7|PO5,compatible,word_valence,negative,compatible_negative,20,-6.8286961662513903
ERP004,high-support,word_N2,word,N2,160,240,P7|P8|PO7|PO5,incompatible,word_valence,negative,incompatible_negative,20,-7.7476458924733338
ERP004,high-support,word_N2,word,N2,160,240,P7|P8|PO7|PO5,incompatible,word_valence,positive,incompatible_positive,20,-6.9670627607261544
ERP006,high-support,word_N2,word,N2,160,240,P7|P8|PO7|PO5,compatible,word_valence,positive,compatible_positive,11,8.0374012102290298
ERP006,high-support,word_N2,word,N2,160,240,P7|P8|PO7|PO5,compatible,word_valence,negative,compatible_negative,10,-0.53307473297359032
ERP006,high-support,word_N2,word,N2,160,240,P7|P8|PO7|PO5,incompatible,word_valence,negative,incompatible_negative,13,5.1993323208122364
ERP006,high-support,word_N2,word,N2,160,240,P7|P8|PO7|PO5,incompatible,word_valence,positive,incompatible_positive,10,0.39184154423063466
ERP007,high-support,word_N2,word,N2,160,240,P7|P8|PO7|PO5,compatible,word_valence,positive,compatible_positive,19,-2.1285859073182123
ERP007,high-support,word_N2,word,N2,160,240,P7|P8|PO7|PO5,compatible,word_valence,negative,compatible_negative,19,-1.5755621911529816
ERP007,high-support,word_N2,word,N2,160,240,P7|P8|PO7|PO5,incompatible,word_valence,negative,incompatible_negative,20,0.19371051209965542
ERP007,high-support,word_N2,word,N2,160,240,P7|P8|PO7|PO5,incompatible,word_valence,positive,incompatible_positive,19,-1.2864254016123817
ERP008,high-support,word_N2,word,N2,160,240,P7|P8|PO7|PO5,compatible,word_valence,positive,compatible_positive,20,1.1501382584533641
ERP008,high-support,word_N2,word,N2,160,240,P7|P8|PO7|PO5,compatible,word_valence,negative,compatible_negative,20,0.83202382920493789
ERP008,high-support,word_N2,word,N2,160,240,P7|P8|PO7|PO5,incompatible,word_valence,negative,incompatible_negative,20,-0.63158368295724021
ERP008,high-support,word_N2,word,N2,160,240,P7|P8|PO7|PO5,incompatible,word_valence,positive,incompatible_positive,20,-0.16047040615142749
ERP009,high-support,word_N2,word,N2,160,240,P7|P8|PO7|PO5,compatible,word_valence,positive,compatible_positive,20,1.9189672129159319
ERP009,high-support,word_N2,word,N2,160,240,P7|P8|PO7|PO5,compatible,word_valence,negative,compatible_negative,20,-0.35151699701199612
ERP009,high-support,word_N2,word,N2,160,240,P7|P8|PO7|PO5,incompatible,word_valence,negative,incompatible_negative,20,-3.8379867311139204
ERP009,high-support,word_N2,word,N2,160,240,P7|P8|PO7|PO5,incompatible,word_valence,positive,incompatible_positive,19,-3.3162848930479973
ERP010,high-support,word_N2,word,N2,160,240,P7|P8|PO7|PO5,compatible,word_valence,positive,compatible_positive,12,1.4808749138603756
ERP010,high-support,word_N2,word,N2,160,240,P7|P8|PO7|PO5,compatible,word_valence,negative,compatible_negative,13,-0.33140456117564376
ERP010,high-support,word_N2,word,N2,160,240,P7|P8|PO7|PO5,incompatible,word_valence,negative,incompatible_negative,19,0.13226207860093964
ERP010,high-support,word_N2,word,N2,160,240,P7|P8|PO7|PO5,incompatible,word_valence,positive,incompatible_positive,19,0.19886973336936911
ERP011,high-support,word_N2,word,N2,160,240,P7|P8|PO7|PO5,compatible,word_valence,positive,compatible_positive,20,1.0774353222346338
ERP011,high-support,word_N2,word,N2,160,240,P7|P8|PO7|PO5,compatible,word_valence,negative,compatible_negative,20,1.3098782883723981
ERP011,high-support,word_N2,word,N2,160,240,P7|P8|PO7|PO5,incompatible,word_valence,negative,incompatible_negative,20,-1.5252627234292435
ERP011,high-support,word_N2,word,N2,160,240,P7|P8|PO7|PO5,incompatible,word_valence,positive,incompatible_positive,20,-1.2580838723940411
ERP012,high-support,word_N2,word,N2,160,240,P7|P8|PO7|PO5,compatible,word_valence,positive,compatible_positive,18,-11.28299791661248
ERP012,high-support,word_N2,word,N2,160,240,P7|P8|PO7|PO5,compatible,word_valence,negative,compatible_negative,20,-12.389682715698521
ERP012,high-support,word_N2,word,N2,160,240,P7|P8|PO7|PO5,incompatible,word_valence,negative,incompatible_negative,20,-8.5890773371453975
ERP012,high-support,word_N2,word,N2,160,240,P7|P8|PO7|PO5,incompatible,word_valence,positive,incompatible_positive,20,-7.1317873797985474
ERP013,high-support,word_N2,word,N2,160,240,P7|P8|PO7|PO5,compatible,word_valence,positive,compatible_positive,20,-0.077167087592495492
ERP013,high-support,word_N2,word,N2,160,240,P7|P8|PO7|PO5,compatible,word_valence,negative,compatible_negative,20,-0.81484310124267956
ERP013,high-support,word_N2,word,N2,160,240,P7|P8|PO7|PO5,incompatible,word_valence,negative,incompatible_negative,20,-2.5953583651230296
ERP013,high-support,word_N2,word,N2,160,240,P7|P8|PO7|PO5,incompatible,word_valence,positive,incompatible_positive,20,-1.6133823279584902
ERP014,high-support,word_N2,word,N2,160,240,P7|P8|PO7|PO5,compatible,word_valence,positive,compatible_positive,14,-0.6324394625291081
ERP014,high-support,word_N2,word,N2,160,240,P7|P8|PO7|PO5,compatible,word_valence,negative,compatible_negative,14,-1.7377228082715308
ERP014,high-support,word_N2,word,N2,160,240,P7|P8|PO7|PO5,incompatible,word_valence,negative,incompatible_negative,19,-1.3360659299560944
ERP014,high-support,word_N2,word,N2,160,240,P7|P8|PO7|PO5,incompatible,word_valence,positive,incompatible_positive,16,-0.5043988339199067
ERP015,high-support,word_N2,word,N2,160,240,P7|P8|PO7|PO5,compatible,word_valence,positive,compatible_positive,18,-3.5887536563502334
ERP015,high-support,word_N2,word,N2,160,240,P7|P8|PO7|PO5,compatible,word_valence,negative,compatible_negative,19,-2.6349405976796931
ERP015,high-support,word_N2,word,N2,160,240,P7|P8|PO7|PO5,incompatible,word_valence,negative,incompatible_negative,20,-3.5713538022615166
ERP015,high-support,word_N2,word,N2,160,240,P7|P8|PO7|PO5,incompatible,word_valence,positive,incompatible_positive,20,-3.5977384557804344
ERP017,high-support,word_N2,word,N2,160,240,P7|P8|PO7|PO5,compatible,word_valence,positive,compatible_positive,20,-0.65740613733255038
ERP017,high-support,word_N2,word,N2,160,240,P7|P8|PO7|PO5,compatible,word_valence,negative,compatible_negative,19,1.132082502630638
ERP017,high-support,word_N2,word,N2,160,240,P7|P8|PO7|PO5,incompatible,word_valence,negative,incompatible_negative,19,-0.19468209201915398
ERP017,high-support,word_N2,word,N2,160,240,P7|P8|PO7|PO5,incompatible,word_valence,positive,incompatible_positive,19,1.5929144303703027
ERP018,high-support,word_N2,word,N2,160,240,P7|P8|PO7|PO5,compatible,word_valence,positive,compatible_positive,20,-3.295322979753418
ERP018,high-support,word_N2,word,N2,160,240,P7|P8|PO7|PO5,compatible,word_valence,negative,compatible_negative,20,-1.3322142256401674
ERP018,high-support,word_N2,word,N2,160,240,P7|P8|PO7|PO5,incompatible,word_valence,negative,incompatible_negative,19,-1.5225499778726004
ERP018,high-support,word_N2,word,N2,160,240,P7|P8|PO7|PO5,incompatible,word_valence,positive,incompatible_positive,17,-0.71680975609367803
ERP019,high-support,word_N2,word,N2,160,240,P7|P8|PO7|PO5,compatible,word_valence,positive,compatible_positive,20,-3.8787965145039247
ERP019,high-support,word_N2,word,N2,160,240,P7|P8|PO7|PO5,compatible,word_valence,negative,compatible_negative,20,-2.690100585368262
ERP019,high-support,word_N2,word,N2,160,240,P7|P8|PO7|PO5,incompatible,word_valence,negative,incompatible_negative,20,-3.3914455100302363
ERP019,high-support,word_N2,word,N2,160,240,P7|P8|PO7|PO5,incompatible,word_valence,positive,incompatible_positive,20,-3.5008062530607038
ERP020,high-support,word_N2,word,N2,160,240,P7|P8|PO7|PO5,compatible,word_valence,positive,compatible_positive,9,-1.1064270344579712
ERP020,high-support,word_N2,word,N2,160,240,P7|P8|PO7|PO5,compatible,word_valence,negative,compatible_negative,8,3.4917484719772611
ERP020,high-support,word_N2,word,N2,160,240,P7|P8|PO7|PO5,incompatible,word_valence,negative,incompatible_negative,18,-2.2563026592675053
ERP020,high-support,word_N2,word,N2,160,240,P7|P8|PO7|PO5,incompatible,word_valence,positive,incompatible_positive,20,0.70280926435754476
ERP021,high-support,word_N2,word,N2,160,240,P7|P8|PO7|PO5,compatible,word_valence,positive,compatible_positive,15,-3.7074938961155524
ERP021,high-support,word_N2,word,N2,160,240,P7|P8|PO7|PO5,compatible,word_valence,negative,compatible_negative,15,-4.6946061075221044
ERP021,high-support,word_N2,word,N2,160,240,P7|P8|PO7|PO5,incompatible,word_valence,negative,incompatible_negative,19,-3.7339459921196712
ERP021,high-support,word_N2,word,N2,160,240,P7|P8|PO7|PO5,incompatible,word_valence,positive,incompatible_positive,18,-1.320795845994573
ERP022,high-support,word_N2,word,N2,160,240,P7|P8|PO7|PO5,compatible,word_valence,positive,compatible_positive,20,1.2539807702460228
ERP022,high-support,word_N2,word,N2,160,240,P7|P8|PO7|PO5,compatible,word_valence,negative,compatible_negative,20,2.7968476850806976
ERP022,high-support,word_N2,word,N2,160,240,P7|P8|PO7|PO5,incompatible,word_valence,negative,incompatible_negative,19,0.99391959884078895
ERP022,high-support,word_N2,word,N2,160,240,P7|P8|PO7|PO5,incompatible,word_valence,positive,incompatible_positive,17,0.85402027676671244
ERP023,high-support,word_N2,word,N2,160,240,P7|P8|PO7|PO5,compatible,word_valence,positive,compatible_positive,20,-5.0386497092381983
ERP023,high-support,word_N2,word,N2,160,240,P7|P8|PO7|PO5,compatible,word_valence,negative,compatible_negative,20,-2.4512756847211841
ERP023,high-support,word_N2,word,N2,160,240,P7|P8|PO7|PO5,incompatible,word_valence,negative,incompatible_negative,18,-0.75046792572178633
ERP023,high-support,word_N2,word,N2,160,240,P7|P8|PO7|PO5,incompatible,word_valence,positive,incompatible_positive,20,-1.3424328390265208
ERP024,high-support,word_N2,word,N2,160,240,P7|P8|PO7|PO5,compatible,word_valence,positive,compatible_positive,20,-1.8683237666554826
ERP024,high-support,word_N2,word,N2,160,240,P7|P8|PO7|PO5,compatible,word_valence,negative,compatible_negative,20,-1.1374373081781226
ERP024,high-support,word_N2,word,N2,160,240,P7|P8|PO7|PO5,incompatible,word_valence,negative,incompatible_negative,19,-1.2055685520659185
ERP024,high-support,word_N2,word,N2,160,240,P7|P8|PO7|PO5,incompatible,word_valence,positive,incompatible_positive,19,-0.043159116692428057
ERP025,high-support,word_N2,word,N2,160,240,P7|P8|PO7|PO5,compatible,word_valence,positive,compatible_positive,20,-1.7578558651205718
ERP025,high-support,word_N2,word,N2,160,240,P7|P8|PO7|PO5,compatible,word_valence,negative,compatible_negative,20,-2.4424129828425643
ERP025,high-support,word_N2,word,N2,160,240,P7|P8|PO7|PO5,incompatible,word_valence,negative,incompatible_negative,20,-3.1892575563228007
ERP025,high-support,word_N2,word,N2,160,240,P7|P8|PO7|PO5,incompatible,word_valence,positive,incompatible_positive,20,-2.5420093271742208
ERP026,high-support,word_N2,word,N2,160,240,P7|P8|PO7|PO5,compatible,word_valence,positive,compatible_positive,20,-4.6982091109894988
ERP026,high-support,word_N2,word,N2,160,240,P7|P8|PO7|PO5,compatible,word_valence,negative,compatible_negative,20,-4.5373684230991955
ERP026,high-support,word_N2,word,N2,160,240,P7|P8|PO7|PO5,incompatible,word_valence,negative,incompatible_negative,19,-4.2043976218157537
ERP026,high-support,word_N2,word,N2,160,240,P7|P8|PO7|PO5,incompatible,word_valence,positive,incompatible_positive,17,-2.723631395323427
ERP027,high-support,word_N2,word,N2,160,240,P7|P8|PO7|PO5,compatible,word_valence,positive,compatible_positive,20,-2.833702102842178
ERP027,high-support,word_N2,word,N2,160,240,P7|P8|PO7|PO5,compatible,word_valence,negative,compatible_negative,20,-2.0268758401204421
ERP027,high-support,word_N2,word,N2,160,240,P7|P8|PO7|PO5,incompatible,word_valence,negative,incompatible_negative,19,-2.3694292396039209
ERP027,high-support,word_N2,word,N2,160,240,P7|P8|PO7|PO5,incompatible,word_valence,positive,incompatible_positive,18,-1.0609538568876664
ERP029,low-support,word_N2,word,N2,160,240,P7|P8|PO7|PO5,compatible,word_valence,positive,compatible_positive,20,-3.7093529791385795
ERP029,low-support,word_N2,word,N2,160,240,P7|P8|PO7|PO5,compatible,word_valence,negative,compatible_negative,19,-5.5874741702809398
ERP029,low-support,word_N2,word,N2,160,240,P7|P8|PO7|PO5,incompatible,word_valence,negative,incompatible_negative,20,-4.909097897358337
ERP029,low-support,word_N2,word,N2,160,240,P7|P8|PO7|PO5,incompatible,word_valence,positive,incompatible_positive,20,-4.5722484000222083
ERP030,low-support,word_N2,word,N2,160,240,P7|P8|PO7|PO5,compatible,word_valence,positive,compatible_positive,18,-0.55419513292827927
ERP030,low-support,word_N2,word,N2,160,240,P7|P8|PO7|PO5,compatible,word_valence,negative,compatible_negative,17,-2.206452186531298
ERP030,low-support,word_N2,word,N2,160,240,P7|P8|PO7|PO5,incompatible,word_valence,negative,incompatible_negative,17,-0.71995270462925265
ERP030,low-support,word_N2,word,N2,160,240,P7|P8|PO7|PO5,incompatible,word_valence,positive,incompatible_positive,16,1.0706953686583529
ERP031,low-support,word_N2,word,N2,160,240,P7|P8|PO7|PO5,compatible,word_valence,positive,compatible_positive,19,-2.5353335975790863
ERP031,low-support,word_N2,word,N2,160,240,P7|P8|PO7|PO5,compatible,word_valence,negative,compatible_negative,20,-5.0366671882507141
ERP031,low-support,word_N2,word,N2,160,240,P7|P8|PO7|PO5,incompatible,word_valence,negative,incompatible_negative,19,-0.76076665626410489
ERP031,low-support,word_N2,word,N2,160,240,P7|P8|PO7|PO5,incompatible,word_valence,positive,incompatible_positive,20,-2.2681507878378926
ERP032,low-support,word_N2,word,N2,160,240,P7|P8|PO7|PO5,compatible,word_valence,positive,compatible_positive,19,-2.1090817899130569
ERP032,low-support,word_N2,word,N2,160,240,P7|P8|PO7|PO5,compatible,word_valence,negative,compatible_negative,20,-1.7758167249105319
ERP032,low-support,word_N2,word,N2,160,240,P7|P8|PO7|PO5,incompatible,word_valence,negative,incompatible_negative,20,-3.0877879858857469
ERP032,low-support,word_N2,word,N2,160,240,P7|P8|PO7|PO5,incompatible,word_valence,positive,incompatible_positive,20,-2.2863525521017283
ERP033,low-support,word_N2,word,N2,160,240,P7|P8|PO7|PO5,compatible,word_valence,positive,compatible_positive,17,-3.8264323119174284
ERP033,low-support,word_N2,word,N2,160,240,P7|P8|PO7|PO5,compatible,word_valence,negative,compatible_negative,20,-4.4561456638057866
ERP033,low-support,word_N2,word,N2,160,240,P7|P8|PO7|PO5,incompatible,word_valence,negative,incompatible_negative,19,-3.3760761523845906
ERP033,low-support,word_N2,word,N2,160,240,P7|P8|PO7|PO5,incompatible,word_valence,positive,incompatible_positive,18,-4.0387773032288043
ERP034,low-support,word_N2,word,N2,160,240,P7|P8|PO7|PO5,compatible,word_valence,positive,compatible_positive,18,-0.036315421759178457
ERP034,low-support,word_N2,word,N2,160,240,P7|P8|PO7|PO5,compatible,word_valence,negative,compatible_negative,18,-1.7355595615082384
ERP034,low-support,word_N2,word,N2,160,240,P7|P8|PO7|PO5,incompatible,word_valence,negative,incompatible_negative,16,-1.5397647711961628
ERP034,low-support,word_N2,word,N2,160,240,P7|P8|PO7|PO5,incompatible,word_valence,positive,incompatible_positive,17,0.39343740174722963
ERP035,low-support,word_N2,word,N2,160,240,P7|P8|PO7|PO5,compatible,word_valence,positive,compatible_positive,15,-1.2583081984883269
ERP035,low-support,word_N2,word,N2,160,240,P7|P8|PO7|PO5,compatible,word_valence,negative,compatible_negative,15,-1.475713911345456
ERP035,low-support,word_N2,word,N2,160,240,P7|P8|PO7|PO5,incompatible,word_valence,negative,incompatible_negative,18,-1.9927059516190964
ERP035,low-support,word_N2,word,N2,160,240,P7|P8|PO7|PO5,incompatible,word_valence,positive,incompatible_positive,14,-3.3482123969623849
ERP036,low-support,word_N2,word,N2,160,240,P7|P8|PO7|PO5,compatible,word_valence,positive,compatible_positive,20,-0.83143853528862366
ERP036,low-support,word_N2,word,N2,160,240,P7|P8|PO7|PO5,compatible,word_valence,negative,compatible_negative,20,-1.9706266714479863
ERP036,low-support,word_N2,word,N2,160,240,P7|P8|PO7|PO5,incompatible,word_valence,negative,incompatible_negative,20,-0.033268768206431681
ERP036,low-support,word_N2,word,N2,160,240,P7|P8|PO7|PO5,incompatible,word_valence,positive,incompatible_positive,14,1.0134766758284635
ERP037,low-support,word_N2,word,N2,160,240,P7|P8|PO7|PO5,compatible,word_valence,positive,compatible_positive,20,-2.6719288955460083
ERP037,low-support,word_N2,word,N2,160,240,P7|P8|PO7|PO5,compatible,word_valence,negative,compatible_negative,20,-4.5999634538730323
ERP037,low-support,word_N2,word,N2,160,240,P7|P8|PO7|PO5,incompatible,word_valence,negative,incompatible_negative,20,-2.9302783052270067
ERP037,low-support,word_N2,word,N2,160,240,P7|P8|PO7|PO5,incompatible,word_valence,positive,incompatible_positive,20,-2.9826414694381551
ERP038,low-support,word_N2,word,N2,160,240,P7|P8|PO7|PO5,compatible,word_valence,positive,compatible_positive,19,-5.5360724914868209
ERP038,low-support,word_N2,word,N2,160,240,P7|P8|PO7|PO5,compatible,word_valence,negative,compatible_negative,20,-6.0797141550903762
ERP038,low-support,word_N2,word,N2,160,240,P7|P8|PO7|PO5,incompatible,word_valence,negative,incompatible_negative,20,-3.943502805782936
ERP038,low-support,word_N2,word,N2,160,240,P7|P8|PO7|PO5,incompatible,word_valence,positive,incompatible_positive,20,-5.833773114740052
ERP039,low-support,word_N2,word,N2,160,240,P7|P8|PO7|PO5,compatible,word_valence,positive,compatible_positive,17,-2.3531873452216456
ERP039,low-support,word_N2,word,N2,160,240,P7|P8|PO7|PO5,compatible,word_valence,negative,compatible_negative,18,-5.0835167397410048
ERP039,low-support,word_N2,word,N2,160,240,P7|P8|PO7|PO5,incompatible,word_valence,negative,incompatible_negative,16,-4.7034211218449231
ERP039,low-support,word_N2,word,N2,160,240,P7|P8|PO7|PO5,incompatible,word_valence,positive,incompatible_positive,20,-5.0229508264807485
ERP040,low-support,word_N2,word,N2,160,240,P7|P8|PO7|PO5,compatible,word_valence,positive,compatible_positive,20,-6.1119505701521035
ERP040,low-support,word_N2,word,N2,160,240,P7|P8|PO7|PO5,compatible,word_valence,negative,compatible_negative,20,-5.7752777708542897
ERP040,low-support,word_N2,word,N2,160,240,P7|P8|PO7|PO5,incompatible,word_valence,negative,incompatible_negative,20,-6.8815799040305317
ERP040,low-support,word_N2,word,N2,160,240,P7|P8|PO7|PO5,incompatible,word_valence,positive,incompatible_positive,20,-4.6402172722329258
ERP041,low-support,word_N2,word,N2,160,240,P7|P8|PO7|PO5,compatible,word_valence,positive,compatible_positive,19,-2.4972171618694663
ERP041,low-support,word_N2,word,N2,160,240,P7|P8|PO7|PO5,compatible,word_valence,negative,compatible_negative,19,-3.684682272392787
ERP041,low-support,word_N2,word,N2,160,240,P7|P8|PO7|PO5,incompatible,word_valence,negative,incompatible_negative,17,-4.5188023687792453
ERP041,low-support,word_N2,word,N2,160,240,P7|P8|PO7|PO5,incompatible,word_valence,positive,incompatible_positive,20,-4.9138053925000031
ERP042,low-support,word_N2,word,N2,160,240,P7|P8|PO7|PO5,compatible,word_valence,positive,compatible_positive,20,0.95961280363666668
ERP042,low-support,word_N2,word,N2,160,240,P7|P8|PO7|PO5,compatible,word_valence,negative,compatible_negative,19,-0.58482265644833298
ERP042,low-support,word_N2,word,N2,160,240,P7|P8|PO7|PO5,incompatible,word_valence,negative,incompatible_negative,20,3.3151789432122207
ERP042,low-support,word_N2,word,N2,160,240,P7|P8|PO7|PO5,incompatible,word_valence,positive,incompatible_positive,20,5.5130791968472623
ERP043,low-support,word_N2,word,N2,160,240,P7|P8|PO7|PO5,compatible,word_valence,positive,compatible_positive,15,3.8120477685696441
ERP043,low-support,word_N2,word,N2,160,240,P7|P8|PO7|PO5,compatible,word_valence,negative,compatible_negative,10,1.4369453776802568
ERP043,low-support,word_N2,word,N2,160,240,P7|P8|PO7|PO5,incompatible,word_valence,negative,incompatible_negative,4,3.7122062933847024
ERP043,low-support,word_N2,word,N2,160,240,P7|P8|PO7|PO5,incompatible,word_valence,positive,incompatible_positive,1,4.7155440711560006
ERP044,low-support,word_N2,word,N2,160,240,P7|P8|PO7|PO5,compatible,word_valence,positive,compatible_positive,20,-2.3725062963542425
ERP044,low-support,word_N2,word,N2,160,240,P7|P8|PO7|PO5,compatible,word_valence,negative,compatible_negative,20,-4.0613757518696456
ERP044,low-support,word_N2,word,N2,160,240,P7|P8|PO7|PO5,incompatible,word_valence,negative,incompatible_negative,18,-0.19397691960005142
ERP044,low-support,word_N2,word,N2,160,240,P7|P8|PO7|PO5,incompatible,word_valence,positive,incompatible_positive,19,-1.5739586427694729
ERP045,low-support,word_N2,word,N2,160,240,P7|P8|PO7|PO5,compatible,word_valence,positive,compatible_positive,18,0.14885662848692988
ERP045,low-support,word_N2,word,N2,160,240,P7|P8|PO7|PO5,compatible,word_valence,negative,compatible_negative,14,1.4536410509205171
ERP045,low-support,word_N2,word,N2,160,240,P7|P8|PO7|PO5,incompatible,word_valence,negative,incompatible_negative,8,0.059066889850789756
ERP045,low-support,word_N2,word,N2,160,240,P7|P8|PO7|PO5,incompatible,word_valence,positive,incompatible_positive,7,0.43990703057508401
ERP046,low-support,word_N2,word,N2,160,240,P7|P8|PO7|PO5,compatible,word_valence,positive,compatible_positive,18,1.2154102225471983
ERP046,low-support,word_N2,word,N2,160,240,P7|P8|PO7|PO5,compatible,word_valence,negative,compatible_negative,16,-0.74269288506170961
ERP046,low-support,word_N2,word,N2,160,240,P7|P8|PO7|PO5,incompatible,word_valence,negative,incompatible_negative,1,1.7983996391158477
ERP046,low-support,word_N2,word,N2,160,240,P7|P8|PO7|PO5,incompatible,word_valence,positive,incompatible_positive,2,-1.15694551327823
ERP047,low-support,word_N2,word,N2,160,240,P7|P8|PO7|PO5,compatible,word_valence,positive,compatible_positive,20,-1.8061097090533555
ERP047,low-support,word_N2,word,N2,160,240,P7|P8|PO7|PO5,compatible,word_valence,negative,compatible_negative,20,-0.6401080984288432
ERP047,low-support,word_N2,word,N2,160,240,P7|P8|PO7|PO5,incompatible,word_valence,negative,incompatible_negative,20,-0.99940802773913995
ERP047,low-support,word_N2,word,N2,160,240,P7|P8|PO7|PO5,incompatible,word_valence,positive,incompatible_positive,20,-0.22222316938364362
ERP048,low-support,word_N2,word,N2,160,240,P7|P8|PO7|PO5,compatible,word_valence,positive,compatible_positive,20,-1.2367219368700288
ERP048,low-support,word_N2,word,N2,160,240,P7|P8|PO7|PO5,compatible,word_valence,negative,compatible_negative,20,-2.9993961934203539
ERP048,low-support,word_N2,word,N2,160,240,P7|P8|PO7|PO5,incompatible,word_valence,negative,incompatible_negative,18,-3.7276916703545773
ERP048,low-support,word_N2,word,N2,160,240,P7|P8|PO7|PO5,incompatible,word_valence,positive,incompatible_positive,16,-1.7933211998748968
ERP049,low-support,word_N2,word,N2,160,240,P7|P8|PO7|PO5,compatible,word_valence,positive,compatible_positive,20,-1.2406055054695255
ERP049,low-support,word_N2,word,N2,160,240,P7|P8|PO7|PO5,compatible,word_valence,negative,compatible_negative,20,-5.0591993086803404
ERP049,low-support,word_N2,word,N2,160,240,P7|P8|PO7|PO5,incompatible,word_valence,negative,incompatible_negative,19,-3.5299033637869743
ERP049,low-support,word_N2,word,N2,160,240,P7|P8|PO7|PO5,incompatible,word_valence,positive,incompatible_positive,18,-4.0478841519456719
ERP050,low-support,word_N2,word,N2,160,240,P7|P8|PO7|PO5,compatible,word_valence,positive,compatible_positive,20,-0.84449013473278034
ERP050,low-support,word_N2,word,N2,160,240,P7|P8|PO7|PO5,compatible,word_valence,negative,compatible_negative,20,-0.19596684046228657
ERP050,low-support,word_N2,word,N2,160,240,P7|P8|PO7|PO5,incompatible,word_valence,negative,incompatible_negative,20,-2.7073785078647843
ERP050,low-support,word_N2,word,N2,160,240,P7|P8|PO7|PO5,incompatible,word_valence,positive,incompatible_positive,20,0.035674593192815185
ERP051,low-support,word_N2,word,N2,160,240,P7|P8|PO7|PO5,compatible,word_valence,positive,compatible_positive,17,-1.2065713363314345
ERP051,low-support,word_N2,word,N2,160,240,P7|P8|PO7|PO5,compatible,word_valence,negative,compatible_negative,15,-1.8229616267466284
ERP051,low-support,word_N2,word,N2,160,240,P7|P8|PO7|PO5,incompatible,word_valence,negative,incompatible_negative,15,-2.6940552208166415
ERP051,low-support,word_N2,word,N2,160,240,P7|P8|PO7|PO5,incompatible,word_valence,positive,incompatible_positive,12,-1.1167317454395023
ERP052,low-support,word_N2,word,N2,160,240,P7|P8|PO7|PO5,compatible,word_valence,positive,compatible_positive,20,-6.4539868584416089
ERP052,low-support,word_N2,word,N2,160,240,P7|P8|PO7|PO5,compatible,word_valence,negative,compatible_negative,20,-5.2425087681618994
ERP052,low-support,word_N2,word,N2,160,240,P7|P8|PO7|PO5,incompatible,word_valence,negative,incompatible_negative,20,-5.2653947982844054
ERP052,low-support,word_N2,word,N2,160,240,P7|P8|PO7|PO5,incompatible,word_valence,positive,incompatible_positive,18,-1.7569737010660296
ERP053,low-support,word_N2,word,N2,160,240,P7|P8|PO7|PO5,compatible,word_valence,positive,compatible_positive,19,-3.9085789734094871
ERP053,low-support,word_N2,word,N2,160,240,P7|P8|PO7|PO5,compatible,word_valence,negative,compatible_negative,20,-3.9389344570808982
ERP053,low-support,word_N2,word,N2,160,240,P7|P8|PO7|PO5,incompatible,word_valence,negative,incompatible_negative,18,-1.5028650034876463
ERP053,low-support,word_N2,word,N2,160,240,P7|P8|PO7|PO5,incompatible,word_valence,positive,incompatible_positive,16,-3.7293309712122378
ERP054,low-support,word_N2,word,N2,160,240,P7|P8|PO7|PO5,compatible,word_valence,positive,compatible_positive,13,9.9509026868315491
ERP054,low-support,word_N2,word,N2,160,240,P7|P8|PO7|PO5,compatible,word_valence,negative,compatible_negative,14,-3.1686687540933005
ERP054,low-support,word_N2,word,N2,160,240,P7|P8|PO7|PO5,incompatible,word_valence,negative,incompatible_negative,16,6.782654855584962
ERP054,low-support,word_N2,word,N2,160,240,P7|P8|PO7|PO5,incompatible,word_valence,positive,incompatible_positive,12,5.7267929100234829
ERP055,low-support,word_N2,word,N2,160,240,P7|P8|PO7|PO5,compatible,word_valence,positive,compatible_positive,14,0.28823477295993005
ERP055,low-support,word_N2,word,N2,160,240,P7|P8|PO7|PO5,compatible,word_valence,negative,compatible_negative,16,-0.063705237616283661
ERP055,low-support,word_N2,word,N2,160,240,P7|P8|PO7|PO5,incompatible,word_valence,negative,incompatible_negative,15,-1.3023814087458232
ERP055,low-support,word_N2,word,N2,160,240,P7|P8|PO7|PO5,incompatible,word_valence,positive,incompatible_positive,14,4.3097214063713984
ERP056,low-support,word_N2,word,N2,160,240,P7|P8|PO7|PO5,compatible,word_valence,positive,compatible_positive,11,5.1196367436394281
ERP056,low-support,word_N2,word,N2,160,240,P7|P8|PO7|PO5,compatible,word_valence,negative,compatible_negative,12,2.978043631035463
ERP056,low-support,word_N2,word,N2,160,240,P7|P8|PO7|PO5,incompatible,word_valence,negative,incompatible_negative,9,6.4890682939109432
ERP056,low-support,word_N2,word,N2,160,240,P7|P8|PO7|PO5,incompatible,word_valence,positive,incompatible_positive,12,7.5058702217264486
ERP059,low-support,word_N2,word,N2,160,240,P7|P8|PO7|PO5,compatible,word_valence,positive,compatible_positive,17,-7.5689535082992192
ERP059,low-support,word_N2,word,N2,160,240,P7|P8|PO7|PO5,compatible,word_valence,negative,compatible_negative,18,-7.6927706366976096
ERP059,low-support,word_N2,word,N2,160,240,P7|P8|PO7|PO5,incompatible,word_valence,negative,incompatible_negative,10,-2.5098914837974844
ERP059,low-support,word_N2,word,N2,160,240,P7|P8|PO7|PO5,incompatible,word_valence,positive,incompatible_positive,11,-5.6730411457373018
ERP060,low-support,word_N2,word,N2,160,240,P7|P8|PO7|PO5,compatible,word_valence,positive,compatible_positive,13,-8.2474459270681511
ERP060,low-support,word_N2,word,N2,160,240,P7|P8|PO7|PO5,compatible,word_valence,negative,compatible_negative,14,-7.3133540341495422
ERP060,low-support,word_N2,word,N2,160,240,P7|P8|PO7|PO5,incompatible,word_valence,negative,incompatible_negative,13,-1.8735366926812858
ERP060,low-support,word_N2,word,N2,160,240,P7|P8|PO7|PO5,incompatible,word_valence,positive,incompatible_positive,12,-5.3674506687922809
ERP001,high-support,picture_P3,picture,P3,250,400,P7|P5|P8|PO4,compatible,picture_type,own,compatible_own,19,2.1135585641067416
ERP001,high-support,picture_P3,picture,P3,250,400,P7|P5|P8|PO4,compatible,picture_type,unfamiliar,compatible_unfamiliar,19,2.8748795239660168
ERP001,high-support,picture_P3,picture,P3,250,400,P7|P5|P8|PO4,incompatible,picture_type,own,incompatible_own,20,0.051770379912821296
ERP001,high-support,picture_P3,picture,P3,250,400,P7|P5|P8|PO4,incompatible,picture_type,unfamiliar,incompatible_unfamiliar,20,-0.30239583881082988
ERP002,high-support,picture_P3,picture,P3,250,400,P7|P5|P8|PO4,compatible,picture_type,own,compatible_own,20,9.1832611499703969
ERP002,high-support,picture_P3,picture,P3,250,400,P7|P5|P8|PO4,compatible,picture_type,unfamiliar,compatible_unfamiliar,20,7.2174878684424337
ERP002,high-support,picture_P3,picture,P3,250,400,P7|P5|P8|PO4,incompatible,picture_type,own,incompatible_own,19,8.9093104744925338
ERP002,high-support,picture_P3,picture,P3,250,400,P7|P5|P8|PO4,incompatible,picture_type,unfamiliar,incompatible_unfamiliar,20,6.5952026788133811
ERP003,high-support,picture_P3,picture,P3,250,400,P7|P5|P8|PO4,compatible,picture_type,own,compatible_own,20,1.0500385509499599
ERP003,high-support,picture_P3,picture,P3,250,400,P7|P5|P8|PO4,compatible,picture_type,unfamiliar,compatible_unfamiliar,20,1.2523443331787609
ERP003,high-support,picture_P3,picture,P3,250,400,P7|P5|P8|PO4,incompatible,picture_type,own,incompatible_own,20,1.1653371885500821
ERP003,high-support,picture_P3,picture,P3,250,400,P7|P5|P8|PO4,incompatible,picture_type,unfamiliar,incompatible_unfamiliar,19,0.9631531707743336
ERP004,high-support,picture_P3,picture,P3,250,400,P7|P5|P8|PO4,compatible,picture_type,own,compatible_own,20,11.927791373828338
ERP004,high-support,picture_P3,picture,P3,250,400,P7|P5|P8|PO4,compatible,picture_type,unfamiliar,compatible_unfamiliar,20,10.710943763270782
ERP004,high-support,picture_P3,picture,P3,250,400,P7|P5|P8|PO4,incompatible,picture_type,own,incompatible_own,20,10.09121119541066
ERP004,high-support,picture_P3,picture,P3,250,400,P7|P5|P8|PO4,incompatible,picture_type,unfamiliar,incompatible_unfamiliar,20,10.936421362155096
ERP006,high-support,picture_P3,picture,P3,250,400,P7|P5|P8|PO4,compatible,picture_type,own,compatible_own,7,10.222814761537267
ERP006,high-support,picture_P3,picture,P3,250,400,P7|P5|P8|PO4,compatible,picture_type,unfamiliar,compatible_unfamiliar,7,16.020350123450331
ERP006,high-support,picture_P3,picture,P3,250,400,P7|P5|P8|PO4,incompatible,picture_type,own,incompatible_own,8,5.1911885255001859
ERP006,high-support,picture_P3,picture,P3,250,400,P7|P5|P8|PO4,incompatible,picture_type,unfamiliar,incompatible_unfamiliar,10,13.396633820518314
ERP007,high-support,picture_P3,picture,P3,250,400,P7|P5|P8|PO4,compatible,picture_type,own,compatible_own,20,1.4414083059326104
ERP007,high-support,picture_P3,picture,P3,250,400,P7|P5|P8|PO4,compatible,picture_type,unfamiliar,compatible_unfamiliar,19,0.95777272785053424
ERP007,high-support,picture_P3,picture,P3,250,400,P7|P5|P8|PO4,incompatible,picture_type,own,incompatible_own,20,3.1630796711225098
ERP007,high-support,picture_P3,picture,P3,250,400,P7|P5|P8|PO4,incompatible,picture_type,unfamiliar,incompatible_unfamiliar,19,1.770167784232402
ERP008,high-support,picture_P3,picture,P3,250,400,P7|P5|P8|PO4,compatible,picture_type,own,compatible_own,20,3.1885768810273256
ERP008,high-support,picture_P3,picture,P3,250,400,P7|P5|P8|PO4,compatible,picture_type,unfamiliar,compatible_unfamiliar,20,5.2231601743139766
ERP008,high-support,picture_P3,picture,P3,250,400,P7|P5|P8|PO4,incompatible,picture_type,own,incompatible_own,20,2.8240995538366209
ERP008,high-support,picture_P3,picture,P3,250,400,P7|P5|P8|PO4,incompatible,picture_type,unfamiliar,incompatible_unfamiliar,20,2.2981257578690233
ERP009,high-support,picture_P3,picture,P3,250,400,P7|P5|P8|PO4,compatible,picture_type,own,compatible_own,20,15.29199920170006
ERP009,high-support,picture_P3,picture,P3,250,400,P7|P5|P8|PO4,compatible,picture_type,unfamiliar,compatible_unfamiliar,20,14.141955492313604
ERP009,high-support,picture_P3,picture,P3,250,400,P7|P5|P8|PO4,incompatible,picture_type,own,incompatible_own,20,8.9923485703773061
ERP009,high-support,picture_P3,picture,P3,250,400,P7|P5|P8|PO4,incompatible,picture_type,unfamiliar,incompatible_unfamiliar,20,10.916964416346195
ERP010,high-support,picture_P3,picture,P3,250,400,P7|P5|P8|PO4,compatible,picture_type,own,compatible_own,12,5.3011433173447875
ERP010,high-support,picture_P3,picture,P3,250,400,P7|P5|P8|PO4,compatible,picture_type,unfamiliar,compatible_unfamiliar,13,6.7928800807462002
ERP010,high-support,picture_P3,picture,P3,250,400,P7|P5|P8|PO4,incompatible,picture_type,own,incompatible_own,18,5.6960640196136509
ERP010,high-support,picture_P3,picture,P3,250,400,P7|P5|P8|PO4,incompatible,picture_type,unfamiliar,incompatible_unfamiliar,20,3.3276638496743995
ERP011,high-support,picture_P3,picture,P3,250,400,P7|P5|P8|PO4,compatible,picture_type,own,compatible_own,20,8.3677353816974094
ERP011,high-support,picture_P3,picture,P3,250,400,P7|P5|P8|PO4,compatible,picture_type,unfamiliar,compatible_unfamiliar,20,10.314249822697189
ERP011,high-support,picture_P3,picture,P3,250,400,P7|P5|P8|PO4,incompatible,picture_type,own,incompatible_own,20,4.7714018901058948
ERP011,high-support,picture_P3,picture,P3,250,400,P7|P5|P8|PO4,incompatible,picture_type,unfamiliar,incompatible_unfamiliar,20,6.2933776915411057
ERP012,high-support,picture_P3,picture,P3,250,400,P7|P5|P8|PO4,compatible,picture_type,own,compatible_own,20,3.6798972784465724
ERP012,high-support,picture_P3,picture,P3,250,400,P7|P5|P8|PO4,compatible,picture_type,unfamiliar,compatible_unfamiliar,19,2.9527661926303193
ERP012,high-support,picture_P3,picture,P3,250,400,P7|P5|P8|PO4,incompatible,picture_type,own,incompatible_own,20,-1.2643026527779289
ERP012,high-support,picture_P3,picture,P3,250,400,P7|P5|P8|PO4,incompatible,picture_type,unfamiliar,incompatible_unfamiliar,19,-0.57744449053662594
ERP013,high-support,picture_P3,picture,P3,250,400,P7|P5|P8|PO4,compatible,picture_type,own,compatible_own,20,3.3500290288245829
ERP013,high-support,picture_P3,picture,P3,250,400,P7|P5|P8|PO4,compatible,picture_type,unfamiliar,compatible_unfamiliar,20,4.2543985152529142
ERP013,high-support,picture_P3,picture,P3,250,400,P7|P5|P8|PO4,incompatible,picture_type,own,incompatible_own,20,4.3619031338917429
ERP013,high-support,picture_P3,picture,P3,250,400,P7|P5|P8|PO4,incompatible,picture_type,unfamiliar,incompatible_unfamiliar,20,2.594831978102043
ERP014,high-support,picture_P3,picture,P3,250,400,P7|P5|P8|PO4,compatible,picture_type,own,compatible_own,13,2.4944240675520875
ERP014,high-support,picture_P3,picture,P3,250,400,P7|P5|P8|PO4,compatible,picture_type,unfamiliar,compatible_unfamiliar,17,4.7323025782942727
ERP014,high-support,picture_P3,picture,P3,250,400,P7|P5|P8|PO4,incompatible,picture_type,own,incompatible_own,19,5.4005383538268639
ERP014,high-support,picture_P3,picture,P3,250,400,P7|P5|P8|PO4,incompatible,picture_type,unfamiliar,incompatible_unfamiliar,20,1.7777941554909586
ERP015,high-support,picture_P3,picture,P3,250,400,P7|P5|P8|PO4,compatible,picture_type,own,compatible_own,18,5.6745491739425358
ERP015,high-support,picture_P3,picture,P3,250,400,P7|P5|P8|PO4,compatible,picture_type,unfamiliar,compatible_unfamiliar,19,6.5205520567551982
ERP015,high-support,picture_P3,picture,P3,250,400,P7|P5|P8|PO4,incompatible,picture_type,own,incompatible_own,20,4.7823376533832818
ERP015,high-support,picture_P3,picture,P3,250,400,P7|P5|P8|PO4,incompatible,picture_type,unfamiliar,incompatible_unfamiliar,20,5.7460057397999034
ERP017,high-support,picture_P3,picture,P3,250,400,P7|P5|P8|PO4,compatible,picture_type,own,compatible_own,19,7.6821131919383623
ERP017,high-support,picture_P3,picture,P3,250,400,P7|P5|P8|PO4,compatible,picture_type,unfamiliar,compatible_unfamiliar,19,7.909479206235023
ERP017,high-support,picture_P3,picture,P3,250,400,P7|P5|P8|PO4,incompatible,picture_type,own,incompatible_own,19,7.926866500739786
ERP017,high-support,picture_P3,picture,P3,250,400,P7|P5|P8|PO4,incompatible,picture_type,unfamiliar,incompatible_unfamiliar,19,7.4247717259068899
ERP018,high-support,picture_P3,picture,P3,250,400,P7|P5|P8|PO4,compatible,picture_type,own,compatible_own,20,3.0843860810162611
ERP018,high-support,picture_P3,picture,P3,250,400,P7|P5|P8|PO4,compatible,picture_type,unfamiliar,compatible_unfamiliar,20,5.0614705442080474
ERP018,high-support,picture_P3,picture,P3,250,400,P7|P5|P8|PO4,incompatible,picture_type,own,incompatible_own,19,2.4150143047223751
ERP018,high-support,picture_P3,picture,P3,250,400,P7|P5|P8|PO4,incompatible,picture_type,unfamiliar,incompatible_unfamiliar,18,0.16308465644598868
ERP019,high-support,picture_P3,picture,P3,250,400,P7|P5|P8|PO4,compatible,picture_type,own,compatible_own,20,11.575043323713549
ERP019,high-support,picture_P3,picture,P3,250,400,P7|P5|P8|PO4,compatible,picture_type,unfamiliar,compatible_unfamiliar,20,10.340040437253457
ERP019,high-support,picture_P3,picture,P3,250,400,P7|P5|P8|PO4,incompatible,picture_type,own,incompatible_own,20,10.429248547812843
ERP019,high-support,picture_P3,picture,P3,250,400,P7|P5|P8|PO4,incompatible,picture_type,unfamiliar,incompatible_unfamiliar,20,9.3038560696581225
ERP020,high-support,picture_P3,picture,P3,250,400,P7|P5|P8|PO4,compatible,picture_type,own,compatible_own,8,8.2545014495251152
ERP020,high-support,picture_P3,picture,P3,250,400,P7|P5|P8|PO4,compatible,picture_type,unfamiliar,compatible_unfamiliar,11,9.5885187306918755
ERP020,high-support,picture_P3,picture,P3,250,400,P7|P5|P8|PO4,incompatible,picture_type,own,incompatible_own,18,11.964065626108621
ERP020,high-support,picture_P3,picture,P3,250,400,P7|P5|P8|PO4,incompatible,picture_type,unfamiliar,incompatible_unfamiliar,19,10.538602096905954
ERP021,high-support,picture_P3,picture,P3,250,400,P7|P5|P8|PO4,compatible,picture_type,own,compatible_own,14,-4.2508729286747533
ERP021,high-support,picture_P3,picture,P3,250,400,P7|P5|P8|PO4,compatible,picture_type,unfamiliar,compatible_unfamiliar,14,1.0756965767022562
ERP021,high-support,picture_P3,picture,P3,250,400,P7|P5|P8|PO4,incompatible,picture_type,own,incompatible_own,19,-0.41564648088267048
ERP021,high-support,picture_P3,picture,P3,250,400,P7|P5|P8|PO4,incompatible,picture_type,unfamiliar,incompatible_unfamiliar,18,0.66446602638524577
ERP022,high-support,picture_P3,picture,P3,250,400,P7|P5|P8|PO4,compatible,picture_type,own,compatible_own,20,4.4706450201708865
ERP022,high-support,picture_P3,picture,P3,250,400,P7|P5|P8|PO4,compatible,picture_type,unfamiliar,compatible_unfamiliar,20,5.022854609337239
ERP022,high-support,picture_P3,picture,P3,250,400,P7|P5|P8|PO4,incompatible,picture_type,own,incompatible_own,19,3.0742701760195543
ERP022,high-support,picture_P3,picture,P3,250,400,P7|P5|P8|PO4,incompatible,picture_type,unfamiliar,incompatible_unfamiliar,19,1.3493288428695056
ERP023,high-support,picture_P3,picture,P3,250,400,P7|P5|P8|PO4,compatible,picture_type,own,compatible_own,20,4.8258101158822395
ERP023,high-support,picture_P3,picture,P3,250,400,P7|P5|P8|PO4,compatible,picture_type,unfamiliar,compatible_unfamiliar,20,3.384060952745326
ERP023,high-support,picture_P3,picture,P3,250,400,P7|P5|P8|PO4,incompatible,picture_type,own,incompatible_own,20,3.0698111686690654
ERP023,high-support,picture_P3,picture,P3,250,400,P7|P5|P8|PO4,incompatible,picture_type,unfamiliar,incompatible_unfamiliar,20,2.909623730770019
ERP024,high-support,picture_P3,picture,P3,250,400,P7|P5|P8|PO4,compatible,picture_type,own,compatible_own,20,1.1988636912915007
ERP024,high-support,picture_P3,picture,P3,250,400,P7|P5|P8|PO4,compatible,picture_type,unfamiliar,compatible_unfamiliar,20,1.4603352071222051
ERP024,high-support,picture_P3,picture,P3,250,400,P7|P5|P8|PO4,incompatible,picture_type,own,incompatible_own,20,2.3434819686897845
ERP024,high-support,picture_P3,picture,P3,250,400,P7|P5|P8|PO4,incompatible,picture_type,unfamiliar,incompatible_unfamiliar,19,2.4717428667690649
ERP025,high-support,picture_P3,picture,P3,250,400,P7|P5|P8|PO4,compatible,picture_type,own,compatible_own,20,1.1332611304926132
ERP025,high-support,picture_P3,picture,P3,250,400,P7|P5|P8|PO4,compatible,picture_type,unfamiliar,compatible_unfamiliar,20,1.6014206804906399
ERP025,high-support,picture_P3,picture,P3,250,400,P7|P5|P8|PO4,incompatible,picture_type,own,incompatible_own,19,2.7685304041981165
ERP025,high-support,picture_P3,picture,P3,250,400,P7|P5|P8|PO4,incompatible,picture_type,unfamiliar,incompatible_unfamiliar,20,2.6452685720359055
ERP026,high-support,picture_P3,picture,P3,250,400,P7|P5|P8|PO4,compatible,picture_type,own,compatible_own,19,3.7590016626240947
ERP026,high-support,picture_P3,picture,P3,250,400,P7|P5|P8|PO4,compatible,picture_type,unfamiliar,compatible_unfamiliar,20,5.6268031672970933
ERP026,high-support,picture_P3,picture,P3,250,400,P7|P5|P8|PO4,incompatible,picture_type,own,incompatible_own,19,4.5242663096832718
ERP026,high-support,picture_P3,picture,P3,250,400,P7|P5|P8|PO4,incompatible,picture_type,unfamiliar,incompatible_unfamiliar,18,2.6421406167697588
ERP027,high-support,picture_P3,picture,P3,250,400,P7|P5|P8|PO4,compatible,picture_type,own,compatible_own,20,7.7647731781158464
ERP027,high-support,picture_P3,picture,P3,250,400,P7|P5|P8|PO4,compatible,picture_type,unfamiliar,compatible_unfamiliar,20,4.7949585190340978
ERP027,high-support,picture_P3,picture,P3,250,400,P7|P5|P8|PO4,incompatible,picture_type,own,incompatible_own,19,3.8891289039280776
ERP027,high-support,picture_P3,picture,P3,250,400,P7|P5|P8|PO4,incompatible,picture_type,unfamiliar,incompatible_unfamiliar,18,3.335216026748169
ERP029,low-support,picture_P3,picture,P3,250,400,P7|P5|P8|PO4,compatible,picture_type,own,compatible_own,20,1.1009265575219036
ERP029,low-support,picture_P3,picture,P3,250,400,P7|P5|P8|PO4,compatible,picture_type,unfamiliar,compatible_unfamiliar,19,4.146517494252322
ERP029,low-support,picture_P3,picture,P3,250,400,P7|P5|P8|PO4,incompatible,picture_type,own,incompatible_own,20,2.4735337233081518
ERP029,low-support,picture_P3,picture,P3,250,400,P7|P5|P8|PO4,incompatible,picture_type,unfamiliar,incompatible_unfamiliar,20,5.0441272523878222
ERP030,low-support,picture_P3,picture,P3,250,400,P7|P5|P8|PO4,compatible,picture_type,own,compatible_own,18,2.5936223488496513
ERP030,low-support,picture_P3,picture,P3,250,400,P7|P5|P8|PO4,compatible,picture_type,unfamiliar,compatible_unfamiliar,17,4.1333859069494023
ERP030,low-support,picture_P3,picture,P3,250,400,P7|P5|P8|PO4,incompatible,picture_type,own,incompatible_own,19,1.7556588284518033
ERP030,low-support,picture_P3,picture,P3,250,400,P7|P5|P8|PO4,incompatible,picture_type,unfamiliar,incompatible_unfamiliar,17,6.5771139690552545
ERP031,low-support,picture_P3,picture,P3,250,400,P7|P5|P8|PO4,compatible,picture_type,own,compatible_own,19,4.3404344677954114
ERP031,low-support,picture_P3,picture,P3,250,400,P7|P5|P8|PO4,compatible,picture_type,unfamiliar,compatible_unfamiliar,20,5.5736420417486592
ERP031,low-support,picture_P3,picture,P3,250,400,P7|P5|P8|PO4,incompatible,picture_type,own,incompatible_own,19,3.67837999409578
ERP031,low-support,picture_P3,picture,P3,250,400,P7|P5|P8|PO4,incompatible,picture_type,unfamiliar,incompatible_unfamiliar,20,3.58596671100696
ERP032,low-support,picture_P3,picture,P3,250,400,P7|P5|P8|PO4,compatible,picture_type,own,compatible_own,19,7.030546360402802
ERP032,low-support,picture_P3,picture,P3,250,400,P7|P5|P8|PO4,compatible,picture_type,unfamiliar,compatible_unfamiliar,19,9.9711724781053288
ERP032,low-support,picture_P3,picture,P3,250,400,P7|P5|P8|PO4,incompatible,picture_type,own,incompatible_own,20,7.1700574089935509
ERP032,low-support,picture_P3,picture,P3,250,400,P7|P5|P8|PO4,incompatible,picture_type,unfamiliar,incompatible_unfamiliar,20,10.968121813448306
ERP033,low-support,picture_P3,picture,P3,250,400,P7|P5|P8|PO4,compatible,picture_type,own,compatible_own,18,3.5220656047686489
ERP033,low-support,picture_P3,picture,P3,250,400,P7|P5|P8|PO4,compatible,picture_type,unfamiliar,compatible_unfamiliar,19,5.1289244504347735
ERP033,low-support,picture_P3,picture,P3,250,400,P7|P5|P8|PO4,incompatible,picture_type,own,incompatible_own,20,4.2570494014758014
ERP033,low-support,picture_P3,picture,P3,250,400,P7|P5|P8|PO4,incompatible,picture_type,unfamiliar,incompatible_unfamiliar,19,6.4221342319998636
ERP034,low-support,picture_P3,picture,P3,250,400,P7|P5|P8|PO4,compatible,picture_type,own,compatible_own,18,0.49804664909914914
ERP034,low-support,picture_P3,picture,P3,250,400,P7|P5|P8|PO4,compatible,picture_type,unfamiliar,compatible_unfamiliar,17,1.3732665762673277
ERP034,low-support,picture_P3,picture,P3,250,400,P7|P5|P8|PO4,incompatible,picture_type,own,incompatible_own,16,2.4389903440049769
ERP034,low-support,picture_P3,picture,P3,250,400,P7|P5|P8|PO4,incompatible,picture_type,unfamiliar,incompatible_unfamiliar,17,5.1057024865741596
ERP035,low-support,picture_P3,picture,P3,250,400,P7|P5|P8|PO4,compatible,picture_type,own,compatible_own,14,11.974071264531679
ERP035,low-support,picture_P3,picture,P3,250,400,P7|P5|P8|PO4,compatible,picture_type,unfamiliar,compatible_unfamiliar,14,12.88360951380939
ERP035,low-support,picture_P3,picture,P3,250,400,P7|P5|P8|PO4,incompatible,picture_type,own,incompatible_own,16,12.605317178177327
ERP035,low-support,picture_P3,picture,P3,250,400,P7|P5|P8|PO4,incompatible,picture_type,unfamiliar,incompatible_unfamiliar,15,11.051398512949476
ERP036,low-support,picture_P3,picture,P3,250,400,P7|P5|P8|PO4,compatible,picture_type,own,compatible_own,20,7.4449249987542192
ERP036,low-support,picture_P3,picture,P3,250,400,P7|P5|P8|PO4,compatible,picture_type,unfamiliar,compatible_unfamiliar,19,6.4751552562025694
ERP036,low-support,picture_P3,picture,P3,250,400,P7|P5|P8|PO4,incompatible,picture_type,own,incompatible_own,20,6.8978570450546695
ERP036,low-support,picture_P3,picture,P3,250,400,P7|P5|P8|PO4,incompatible,picture_type,unfamiliar,incompatible_unfamiliar,15,6.9273868667062075
ERP037,low-support,picture_P3,picture,P3,250,400,P7|P5|P8|PO4,compatible,picture_type,own,compatible_own,20,-0.88912283780524859
ERP037,low-support,picture_P3,picture,P3,250,400,P7|P5|P8|PO4,compatible,picture_type,unfamiliar,compatible_unfamiliar,20,-0.1222354326536963
ERP037,low-support,picture_P3,picture,P3,250,400,P7|P5|P8|PO4,incompatible,picture_type,own,incompatible_own,20,-1.7815617462522606
ERP037,low-support,picture_P3,picture,P3,250,400,P7|P5|P8|PO4,incompatible,picture_type,unfamiliar,incompatible_unfamiliar,20,-1.1388113922515761
ERP038,low-support,picture_P3,picture,P3,250,400,P7|P5|P8|PO4,compatible,picture_type,own,compatible_own,19,3.3257045406991024
ERP038,low-support,picture_P3,picture,P3,250,400,P7|P5|P8|PO4,compatible,picture_type,unfamiliar,compatible_unfamiliar,20,2.6010916300600009
ERP038,low-support,picture_P3,picture,P3,250,400,P7|P5|P8|PO4,incompatible,picture_type,own,incompatible_own,19,3.3564982411599984
ERP038,low-support,picture_P3,picture,P3,250,400,P7|P5|P8|PO4,incompatible,picture_type,unfamiliar,incompatible_unfamiliar,18,5.1388121795965294
ERP039,low-support,picture_P3,picture,P3,250,400,P7|P5|P8|PO4,compatible,picture_type,own,compatible_own,17,-1.9918074247902033
ERP039,low-support,picture_P3,picture,P3,250,400,P7|P5|P8|PO4,compatible,picture_type,unfamiliar,compatible_unfamiliar,18,-0.56930835425438253
ERP039,low-support,picture_P3,picture,P3,250,400,P7|P5|P8|PO4,incompatible,picture_type,own,incompatible_own,15,-3.1339150349471288
ERP039,low-support,picture_P3,picture,P3,250,400,P7|P5|P8|PO4,incompatible,picture_type,unfamiliar,incompatible_unfamiliar,19,-1.6738312567767781
ERP040,low-support,picture_P3,picture,P3,250,400,P7|P5|P8|PO4,compatible,picture_type,own,compatible_own,20,5.2614907657692234
ERP040,low-support,picture_P3,picture,P3,250,400,P7|P5|P8|PO4,compatible,picture_type,unfamiliar,compatible_unfamiliar,20,8.0870848424446642
ERP040,low-support,picture_P3,picture,P3,250,400,P7|P5|P8|PO4,incompatible,picture_type,own,incompatible_own,20,6.1055962463173401
ERP040,low-support,picture_P3,picture,P3,250,400,P7|P5|P8|PO4,incompatible,picture_type,unfamiliar,incompatible_unfamiliar,20,8.4336699353271847
ERP041,low-support,picture_P3,picture,P3,250,400,P7|P5|P8|PO4,compatible,picture_type,own,compatible_own,19,0.64778527089783355
ERP041,low-support,picture_P3,picture,P3,250,400,P7|P5|P8|PO4,compatible,picture_type,unfamiliar,compatible_unfamiliar,20,2.6460984460183044
ERP041,low-support,picture_P3,picture,P3,250,400,P7|P5|P8|PO4,incompatible,picture_type,own,incompatible_own,19,5.691510737604907
ERP041,low-support,picture_P3,picture,P3,250,400,P7|P5|P8|PO4,incompatible,picture_type,unfamiliar,incompatible_unfamiliar,20,5.5222865528112139
ERP042,low-support,picture_P3,picture,P3,250,400,P7|P5|P8|PO4,compatible,picture_type,own,compatible_own,20,6.303135858400454
ERP042,low-support,picture_P3,picture,P3,250,400,P7|P5|P8|PO4,compatible,picture_type,unfamiliar,compatible_unfamiliar,19,7.2066892187194753
ERP042,low-support,picture_P3,picture,P3,250,400,P7|P5|P8|PO4,incompatible,picture_type,own,incompatible_own,20,7.5007240061615068
ERP042,low-support,picture_P3,picture,P3,250,400,P7|P5|P8|PO4,incompatible,picture_type,unfamiliar,incompatible_unfamiliar,20,7.1281490101838294
ERP043,low-support,picture_P3,picture,P3,250,400,P7|P5|P8|PO4,compatible,picture_type,own,compatible_own,14,6.6237184960764228
ERP043,low-support,picture_P3,picture,P3,250,400,P7|P5|P8|PO4,compatible,picture_type,unfamiliar,compatible_unfamiliar,10,4.9809671580753072
ERP043,low-support,picture_P3,picture,P3,250,400,P7|P5|P8|PO4,incompatible,picture_type,own,incompatible_own,3,6.869184390938182
ERP043,low-support,picture_P3,picture,P3,250,400,P7|P5|P8|PO4,incompatible,picture_type,unfamiliar,incompatible_unfamiliar,2,7.6246988672637031
ERP044,low-support,picture_P3,picture,P3,250,400,P7|P5|P8|PO4,compatible,picture_type,own,compatible_own,20,5.7718434427712104
ERP044,low-support,picture_P3,picture,P3,250,400,P7|P5|P8|PO4,compatible,picture_type,unfamiliar,compatible_unfamiliar,20,4.8425238330783076
ERP044,low-support,picture_P3,picture,P3,250,400,P7|P5|P8|PO4,incompatible,picture_type,own,incompatible_own,19,3.0620449571647659
ERP044,low-support,picture_P3,picture,P3,250,400,P7|P5|P8|PO4,incompatible,picture_type,unfamiliar,incompatible_unfamiliar,19,6.4112652444536202
ERP045,low-support,picture_P3,picture,P3,250,400,P7|P5|P8|PO4,compatible,picture_type,own,compatible_own,18,7.6222116053701798
ERP045,low-support,picture_P3,picture,P3,250,400,P7|P5|P8|PO4,compatible,picture_type,unfamiliar,compatible_unfamiliar,14,11.247646667518557
ERP045,low-support,picture_P3,picture,P3,250,400,P7|P5|P8|PO4,incompatible,picture_type,own,incompatible_own,8,6.4473591685429286
ERP045,low-support,picture_P3,picture,P3,250,400,P7|P5|P8|PO4,incompatible,picture_type,unfamiliar,incompatible_unfamiliar,7,11.211132992253912
ERP046,low-support,picture_P3,picture,P3,250,400,P7|P5|P8|PO4,compatible,picture_type,own,compatible_own,18,8.0316003993929321
ERP046,low-support,picture_P3,picture,P3,250,400,P7|P5|P8|PO4,compatible,picture_type,unfamiliar,compatible_unfamiliar,14,11.583115551909366
ERP046,low-support,picture_P3,picture,P3,250,400,P7|P5|P8|PO4,incompatible,picture_type,own,incompatible_own,1,5.9331230676952869
ERP046,low-support,picture_P3,picture,P3,250,400,P7|P5|P8|PO4,incompatible,picture_type,unfamiliar,incompatible_unfamiliar,4,14.134969150422634
ERP047,low-support,picture_P3,picture,P3,250,400,P7|P5|P8|PO4,compatible,picture_type,own,compatible_own,20,7.9147367034094813
ERP047,low-support,picture_P3,picture,P3,250,400,P7|P5|P8|PO4,compatible,picture_type,unfamiliar,compatible_unfamiliar,20,6.6507494142118304
ERP047,low-support,picture_P3,picture,P3,250,400,P7|P5|P8|PO4,incompatible,picture_type,own,incompatible_own,20,6.4170077468804116
ERP047,low-support,picture_P3,picture,P3,250,400,P7|P5|P8|PO4,incompatible,picture_type,unfamiliar,incompatible_unfamiliar,20,5.7280717089547295
ERP048,low-support,picture_P3,picture,P3,250,400,P7|P5|P8|PO4,compatible,picture_type,own,compatible_own,20,1.8781418527069604
ERP048,low-support,picture_P3,picture,P3,250,400,P7|P5|P8|PO4,compatible,picture_type,unfamiliar,compatible_unfamiliar,19,3.6831597580838942
ERP048,low-support,picture_P3,picture,P3,250,400,P7|P5|P8|PO4,incompatible,picture_type,own,incompatible_own,17,0.45552124530577243
ERP048,low-support,picture_P3,picture,P3,250,400,P7|P5|P8|PO4,incompatible,picture_type,unfamiliar,incompatible_unfamiliar,16,2.2762527791668195
ERP049,low-support,picture_P3,picture,P3,250,400,P7|P5|P8|PO4,compatible,picture_type,own,compatible_own,20,10.401471573641771
ERP049,low-support,picture_P3,picture,P3,250,400,P7|P5|P8|PO4,compatible,picture_type,unfamiliar,compatible_unfamiliar,20,12.1157997453661
ERP049,low-support,picture_P3,picture,P3,250,400,P7|P5|P8|PO4,incompatible,picture_type,own,incompatible_own,19,10.576842632603027
ERP049,low-support,picture_P3,picture,P3,250,400,P7|P5|P8|PO4,incompatible,picture_type,unfamiliar,incompatible_unfamiliar,19,11.846359749998363
ERP050,low-support,picture_P3,picture,P3,250,400,P7|P5|P8|PO4,compatible,picture_type,own,compatible_own,20,-0.52217136076500081
ERP050,low-support,picture_P3,picture,P3,250,400,P7|P5|P8|PO4,compatible,picture_type,unfamiliar,compatible_unfamiliar,20,2.9681955348786158
ERP050,low-support,picture_P3,picture,P3,250,400,P7|P5|P8|PO4,incompatible,picture_type,own,incompatible_own,20,-0.36457471774849426
ERP050,low-support,picture_P3,picture,P3,250,400,P7|P5|P8|PO4,incompatible,picture_type,unfamiliar,incompatible_unfamiliar,20,3.5136274656104818
ERP051,low-support,picture_P3,picture,P3,250,400,P7|P5|P8|PO4,compatible,picture_type,own,compatible_own,15,4.3273013337531481
ERP051,low-support,picture_P3,picture,P3,250,400,P7|P5|P8|PO4,compatible,picture_type,unfamiliar,compatible_unfamiliar,17,5.9781479601003618
ERP051,low-support,picture_P3,picture,P3,250,400,P7|P5|P8|PO4,incompatible,picture_type,own,incompatible_own,13,5.9877291066431759
ERP051,low-support,picture_P3,picture,P3,250,400,P7|P5|P8|PO4,incompatible,picture_type,unfamiliar,incompatible_unfamiliar,13,7.5817372482178094
ERP052,low-support,picture_P3,picture,P3,250,400,P7|P5|P8|PO4,compatible,picture_type,own,compatible_own,20,8.5347822503859128
ERP052,low-support,picture_P3,picture,P3,250,400,P7|P5|P8|PO4,compatible,picture_type,unfamiliar,compatible_unfamiliar,20,9.9198248874113464
ERP052,low-support,picture_P3,picture,P3,250,400,P7|P5|P8|PO4,incompatible,picture_type,own,incompatible_own,19,9.0142090743340404
ERP052,low-support,picture_P3,picture,P3,250,400,P7|P5|P8|PO4,incompatible,picture_type,unfamiliar,incompatible_unfamiliar,19,9.979002694954513
ERP053,low-support,picture_P3,picture,P3,250,400,P7|P5|P8|PO4,compatible,picture_type,own,compatible_own,20,2.6588566386668466
ERP053,low-support,picture_P3,picture,P3,250,400,P7|P5|P8|PO4,compatible,picture_type,unfamiliar,compatible_unfamiliar,20,2.9353695655886201
ERP053,low-support,picture_P3,picture,P3,250,400,P7|P5|P8|PO4,incompatible,picture_type,own,incompatible_own,17,3.5273777038917999
ERP053,low-support,picture_P3,picture,P3,250,400,P7|P5|P8|PO4,incompatible,picture_type,unfamiliar,incompatible_unfamiliar,17,1.5450744322754932
ERP054,low-support,picture_P3,picture,P3,250,400,P7|P5|P8|PO4,compatible,picture_type,own,compatible_own,12,7.7872968659663471
ERP054,low-support,picture_P3,picture,P3,250,400,P7|P5|P8|PO4,compatible,picture_type,unfamiliar,compatible_unfamiliar,15,9.0192279016994359
ERP054,low-support,picture_P3,picture,P3,250,400,P7|P5|P8|PO4,incompatible,picture_type,own,incompatible_own,15,6.8935888408435497
ERP054,low-support,picture_P3,picture,P3,250,400,P7|P5|P8|PO4,incompatible,picture_type,unfamiliar,incompatible_unfamiliar,13,8.6280394739521746
ERP055,low-support,picture_P3,picture,P3,250,400,P7|P5|P8|PO4,compatible,picture_type,own,compatible_own,15,7.6105903669132502
ERP055,low-support,picture_P3,picture,P3,250,400,P7|P5|P8|PO4,compatible,picture_type,unfamiliar,compatible_unfamiliar,18,11.632502535301109
ERP055,low-support,picture_P3,picture,P3,250,400,P7|P5|P8|PO4,incompatible,picture_type,own,incompatible_own,14,7.2846749017740322
ERP055,low-support,picture_P3,picture,P3,250,400,P7|P5|P8|PO4,incompatible,picture_type,unfamiliar,incompatible_unfamiliar,14,15.631417771768803
ERP056,low-support,picture_P3,picture,P3,250,400,P7|P5|P8|PO4,compatible,picture_type,own,compatible_own,13,16.272610495386623
ERP056,low-support,picture_P3,picture,P3,250,400,P7|P5|P8|PO4,compatible,picture_type,unfamiliar,compatible_unfamiliar,11,16.859516401717357
ERP056,low-support,picture_P3,picture,P3,250,400,P7|P5|P8|PO4,incompatible,picture_type,own,incompatible_own,14,15.176860544167875
ERP056,low-support,picture_P3,picture,P3,250,400,P7|P5|P8|PO4,incompatible,picture_type,unfamiliar,incompatible_unfamiliar,8,10.375606699516251
ERP059,low-support,picture_P3,picture,P3,250,400,P7|P5|P8|PO4,compatible,picture_type,own,compatible_own,17,2.2840198095531785
ERP059,low-support,picture_P3,picture,P3,250,400,P7|P5|P8|PO4,compatible,picture_type,unfamiliar,compatible_unfamiliar,18,-0.14594565376564367
ERP059,low-support,picture_P3,picture,P3,250,400,P7|P5|P8|PO4,incompatible,picture_type,own,incompatible_own,12,1.512803406398723
ERP059,low-support,picture_P3,picture,P3,250,400,P7|P5|P8|PO4,incompatible,picture_type,unfamiliar,incompatible_unfamiliar,10,3.9365806753350068
ERP060,low-support,picture_P3,picture,P3,250,400,P7|P5|P8|PO4,compatible,picture_type,own,compatible_own,15,2.5992597705070644
ERP060,low-support,picture_P3,picture,P3,250,400,P7|P5|P8|PO4,compatible,picture_type,unfamiliar,compatible_unfamiliar,13,2.2671440794416009
ERP060,low-support,picture_P3,picture,P3,250,400,P7|P5|P8|PO4,incompatible,picture_type,own,incompatible_own,12,1.5009485969093954
ERP060,low-support,picture_P3,picture,P3,250,400,P7|P5|P8|PO4,incompatible,picture_type,unfamiliar,incompatible_unfamiliar,10,1.1496905864403679
ERP001,high-support,word_P3,word,P3,280,400,P5|PO7|PO5|PO3,compatible,word_valence,positive,compatible_positive,19,4.446393463234152
ERP001,high-support,word_P3,word,P3,280,400,P5|PO7|PO5|PO3,compatible,word_valence,negative,compatible_negative,20,2.9528118550354394
ERP001,high-support,word_P3,word,P3,280,400,P5|PO7|PO5|PO3,incompatible,word_valence,negative,incompatible_negative,20,3.7805770079966141
ERP001,high-support,word_P3,word,P3,280,400,P5|PO7|PO5|PO3,incompatible,word_valence,positive,incompatible_positive,20,2.6428816993245388
ERP002,high-support,word_P3,word,P3,280,400,P5|PO7|PO5|PO3,compatible,word_valence,positive,compatible_positive,20,3.3180690305825848
ERP002,high-support,word_P3,word,P3,280,400,P5|PO7|PO5|PO3,compatible,word_valence,negative,compatible_negative,20,3.6474810059882925
ERP002,high-support,word_P3,word,P3,280,400,P5|PO7|PO5|PO3,incompatible,word_valence,negative,incompatible_negative,17,-0.58187609175419652
ERP002,high-support,word_P3,word,P3,280,400,P5|PO7|PO5|PO3,incompatible,word_valence,positive,incompatible_positive,20,3.5301678026545078
ERP003,high-support,word_P3,word,P3,280,400,P5|PO7|PO5|PO3,compatible,word_valence,positive,compatible_positive,20,-1.1289434099617754
ERP003,high-support,word_P3,word,P3,280,400,P5|PO7|PO5|PO3,compatible,word_valence,negative,compatible_negative,20,-0.083828462796195505
ERP003,high-support,word_P3,word,P3,280,400,P5|PO7|PO5|PO3,incompatible,word_valence,negative,incompatible_negative,19,-0.44912116689054465
ERP003,high-support,word_P3,word,P3,280,400,P5|PO7|PO5|PO3,incompatible,word_valence,positive,incompatible_positive,19,-1.9536721739830338
ERP004,high-support,word_P3,word,P3,280,400,P5|PO7|PO5|PO3,compatible,word_valence,positive,compatible_positive,20,4.2366585388044466
ERP004,high-support,word_P3,word,P3,280,400,P5|PO7|PO5|PO3,compatible,word_valence,negative,compatible_negative,20,3.4957632602409738
ERP004,high-support,word_P3,word,P3,280,400,P5|PO7|PO5|PO3,incompatible,word_valence,negative,incompatible_negative,20,2.0006425170515834
ERP004,high-support,word_P3,word,P3,280,400,P5|PO7|PO5|PO3,incompatible,word_valence,positive,incompatible_positive,20,1.0771785045759312
ERP006,high-support,word_P3,word,P3,280,400,P5|PO7|PO5|PO3,compatible,word_valence,positive,compatible_positive,11,9.5303975524343585
ERP006,high-support,word_P3,word,P3,280,400,P5|PO7|PO5|PO3,compatible,word_valence,negative,compatible_negative,10,4.7365361056705053
ERP006,high-support,word_P3,word,P3,280,400,P5|PO7|PO5|PO3,incompatible,word_valence,negative,incompatible_negative,13,6.5873271958920308
ERP006,high-support,word_P3,word,P3,280,400,P5|PO7|PO5|PO3,incompatible,word_valence,positive,incompatible_positive,10,7.9632701108195878
ERP007,high-support,word_P3,word,P3,280,400,P5|PO7|PO5|PO3,compatible,word_valence,positive,compatible_positive,19,1.5390758738309802
ERP007,high-support,word_P3,word,P3,280,400,P5|PO7|PO5|PO3,compatible,word_valence,negative,compatible_negative,19,0.0078198155127902624
ERP007,high-support,word_P3,word,P3,280,400,P5|PO7|PO5|PO3,incompatible,word_valence,negative,incompatible_negative,20,1.0115881618705156
ERP007,high-support,word_P3,word,P3,280,400,P5|PO7|PO5|PO3,incompatible,word_valence,positive,incompatible_positive,19,0.00011511877061807715
ERP008,high-support,word_P3,word,P3,280,400,P5|PO7|PO5|PO3,compatible,word_valence,positive,compatible_positive,20,1.0277016071371259
ERP008,high-support,word_P3,word,P3,280,400,P5|PO7|PO5|PO3,compatible,word_valence,negative,compatible_negative,20,2.6109596306785399
ERP008,high-support,word_P3,word,P3,280,400,P5|PO7|PO5|PO3,incompatible,word_valence,negative,incompatible_negative,20,1.5528909460676701
ERP008,high-support,word_P3,word,P3,280,400,P5|PO7|PO5|PO3,incompatible,word_valence,positive,incompatible_positive,20,1.180204762115721
ERP009,high-support,word_P3,word,P3,280,400,P5|PO7|PO5|PO3,compatible,word_valence,positive,compatible_positive,20,8.7926163896703606
ERP009,high-support,word_P3,word,P3,280,400,P5|PO7|PO5|PO3,compatible,word_valence,negative,compatible_negative,20,7.1264676574203616
ERP009,high-support,word_P3,word,P3,280,400,P5|PO7|PO5|PO3,incompatible,word_valence,negative,incompatible_negative,20,0.72818854799681854
ERP009,high-support,word_P3,word,P3,280,400,P5|PO7|PO5|PO3,incompatible,word_valence,positive,incompatible_positive,19,3.3865396951415225
ERP010,high-support,word_P3,word,P3,280,400,P5|PO7|PO5|PO3,compatible,word_valence,positive,compatible_positive,12,3.737211781686919
ERP010,high-support,word_P3,word,P3,280,400,P5|PO7|PO5|PO3,compatible,word_valence,negative,compatible_negative,13,3.0110320153420482
ERP010,high-support,word_P3,word,P3,280,400,P5|PO7|PO5|PO3,incompatible,word_valence,negative,incompatible_negative,19,2.2894727835386757
ERP010,high-support,word_P3,word,P3,280,400,P5|PO7|PO5|PO3,incompatible,word_valence,positive,incompatible_positive,19,2.3326083799023927
ERP011,high-support,word_P3,word,P3,280,400,P5|PO7|PO5|PO3,compatible,word_valence,positive,compatible_positive,20,2.2880967484349632
ERP011,high-support,word_P3,word,P3,280,400,P5|PO7|PO5|PO3,compatible,word_valence,negative,compatible_negative,20,3.1294762221779791
ERP011,high-support,word_P3,word,P3,280,400,P5|PO7|PO5|PO3,incompatible,word_valence,negative,incompatible_negative,20,1.6314186209165089
ERP011,high-support,word_P3,word,P3,280,400,P5|PO7|PO5|PO3,incompatible,word_valence,positive,incompatible_positive,20,1.4821149688229951
ERP012,high-support,word_P3,word,P3,280,400,P5|PO7|PO5|PO3,compatible,word_valence,positive,compatible_positive,18,7.4659877934333299
ERP012,high-support,word_P3,word,P3,280,400,P5|PO7|PO5|PO3,compatible,word_valence,negative,compatible_negative,20,7.242848357873223
ERP012,high-support,word_P3,word,P3,280,400,P5|PO7|PO5|PO3,incompatible,word_valence,negative,incompatible_negative,20,2.8097094379171299
ERP012,high-support,word_P3,word,P3,280,400,P5|PO7|PO5|PO3,incompatible,word_valence,positive,incompatible_positive,20,4.9867780515968221
ERP013,high-support,word_P3,word,P3,280,400,P5|PO7|PO5|PO3,compatible,word_valence,positive,compatible_positive,20,2.1182868989235133
ERP013,high-support,word_P3,word,P3,280,400,P5|PO7|PO5|PO3,compatible,word_valence,negative,compatible_negative,20,1.6578527458093839
ERP013,high-support,word_P3,word,P3,280,400,P5|PO7|PO5|PO3,incompatible,word_valence,negative,incompatible_negative,20,0.97732968328468139
ERP013,high-support,word_P3,word,P3,280,400,P5|PO7|PO5|PO3,incompatible,word_valence,positive,incompatible_positive,20,0.15529912400866619
ERP014,high-support,word_P3,word,P3,280,400,P5|PO7|PO5|PO3,compatible,word_valence,positive,compatible_positive,14,5.0523838643136667
ERP014,high-support,word_P3,word,P3,280,400,P5|PO7|PO5|PO3,compatible,word_valence,negative,compatible_negative,14,6.9151533145512705
ERP014,high-support,word_P3,word,P3,280,400,P5|PO7|PO5|PO3,incompatible,word_valence,negative,incompatible_negative,19,1.8071689526690948
ERP014,high-support,word_P3,word,P3,280,400,P5|PO7|PO5|PO3,incompatible,word_valence,positive,incompatible_positive,16,2.173188439206529
ERP015,high-support,word_P3,word,P3,280,400,P5|PO7|PO5|PO3,compatible,word_valence,positive,compatible_positive,18,1.702871279357006
ERP015,high-support,word_P3,word,P3,280,400,P5|PO7|PO5|PO3,compatible,word_valence,negative,compatible_negative,19,3.0706096428364948
ERP015,high-support,word_P3,word,P3,280,400,P5|PO7|PO5|PO3,incompatible,word_valence,negative,incompatible_negative,20,0.34600935183157983
ERP015,high-support,word_P3,word,P3,280,400,P5|PO7|PO5|PO3,incompatible,word_valence,positive,incompatible_positive,20,0.21664095041029258
ERP017,high-support,word_P3,word,P3,280,400,P5|PO7|PO5|PO3,compatible,word_valence,positive,compatible_positive,20,5.5882438791517508
ERP017,high-support,word_P3,word,P3,280,400,P5|PO7|PO5|PO3,compatible,word_valence,negative,compatible_negative,19,3.8904122664659746
ERP017,high-support,word_P3,word,P3,280,400,P5|PO7|PO5|PO3,incompatible,word_valence,negative,incompatible_negative,19,4.5946495017837092
ERP017,high-support,word_P3,word,P3,280,400,P5|PO7|PO5|PO3,incompatible,word_valence,positive,incompatible_positive,19,4.2560315661689181
ERP018,high-support,word_P3,word,P3,280,400,P5|PO7|PO5|PO3,compatible,word_valence,positive,compatible_positive,20,-2.1166153823590079
ERP018,high-support,word_P3,word,P3,280,400,P5|PO7|PO5|PO3,compatible,word_valence,negative,compatible_negative,20,0.96169178238652664
ERP018,high-support,word_P3,word,P3,280,400,P5|PO7|PO5|PO3,incompatible,word_valence,negative,incompatible_negative,19,-0.52711754320029391
ERP018,high-support,word_P3,word,P3,280,400,P5|PO7|PO5|PO3,incompatible,word_valence,positive,incompatible_positive,17,-1.4271801363585817
ERP019,high-support,word_P3,word,P3,280,400,P5|PO7|PO5|PO3,compatible,word_valence,positive,compatible_positive,20,2.1657927669770753
ERP019,high-support,word_P3,word,P3,280,400,P5|PO7|PO5|PO3,compatible,word_valence,negative,compatible_negative,20,4.0386980919643953
ERP019,high-support,word_P3,word,P3,280,400,P5|PO7|PO5|PO3,incompatible,word_valence,negative,incompatible_negative,20,2.1638384425753125
ERP019,high-support,word_P3,word,P3,280,400,P5|PO7|PO5|PO3,incompatible,word_valence,positive,incompatible_positive,20,1.1753191572842792
ERP020,high-support,word_P3,word,P3,280,400,P5|PO7|PO5|PO3,compatible,word_valence,positive,compatible_positive,9,9.3871766653062902
ERP020,high-support,word_P3,word,P3,280,400,P5|PO7|PO5|PO3,compatible,word_valence,negative,compatible_negative,8,12.802265388711289
ERP020,high-support,word_P3,word,P3,280,400,P5|PO7|PO5|PO3,incompatible,word_valence,negative,incompatible_negative,18,2.6365371336065682
ERP020,high-support,word_P3,word,P3,280,400,P5|PO7|PO5|PO3,incompatible,word_valence,positive,incompatible_positive,20,5.3877224290698029
ERP021,high-support,word_P3,word,P3,280,400,P5|PO7|PO5|PO3,compatible,word_valence,positive,compatible_positive,15,-0.89489187867647646
ERP021,high-support,word_P3,word,P3,280,400,P5|PO7|PO5|PO3,compatible,word_valence,negative,compatible_negative,15,-2.5442493465748521
ERP021,high-support,word_P3,word,P3,280,400,P5|PO7|PO5|PO3,incompatible,word_valence,negative,incompatible_negative,19,-2.0170440278459094
ERP021,high-support,word_P3,word,P3,280,400,P5|PO7|PO5|PO3,incompatible,word_valence,positive,incompatible_positive,18,0.18731808354706006
ERP022,high-support,word_P3,word,P3,280,400,P5|PO7|PO5|PO3,compatible,word_valence,positive,compatible_positive,20,4.0493000832056012
ERP022,high-support,word_P3,word,P3,280,400,P5|PO7|PO5|PO3,compatible,word_valence,negative,compatible_negative,20,5.7382102163653848
ERP022,high-support,word_P3,word,P3,280,400,P5|PO7|PO5|PO3,incompatible,word_valence,negative,incompatible_negative,19,2.0198568503454197
ERP022,high-support,word_P3,word,P3,280,400,P5|PO7|PO5|PO3,incompatible,word_valence,positive,incompatible_positive,17,0.53073210649241243
ERP023,high-support,word_P3,word,P3,280,400,P5|PO7|PO5|PO3,compatible,word_valence,positive,compatible_positive,20,-0.45505785893560935
ERP023,high-support,word_P3,word,P3,280,400,P5|PO7|PO5|PO3,compatible,word_valence,negative,compatible_negative,20,2.8354164355733955
ERP023,high-support,word_P3,word,P3,280,400,P5|PO7|PO5|PO3,incompatible,word_valence,negative,incompatible_negative,18,-0.60225521838813789
ERP023,high-support,word_P3,word,P3,280,400,P5|PO7|PO5|PO3,incompatible,word_valence,positive,incompatible_positive,20,-0.84023758440037111
ERP024,high-support,word_P3,word,P3,280,400,P5|PO7|PO5|PO3,compatible,word_valence,positive,compatible_positive,20,1.823164402396364
ERP024,high-support,word_P3,word,P3,280,400,P5|PO7|PO5|PO3,compatible,word_valence,negative,compatible_negative,20,0.67411449060384432
ERP024,high-support,word_P3,word,P3,280,400,P5|PO7|PO5|PO3,incompatible,word_valence,negative,incompatible_negative,19,0.55383112395621881
ERP024,high-support,word_P3,word,P3,280,400,P5|PO7|PO5|PO3,incompatible,word_valence,positive,incompatible_positive,19,1.0168968312725828
ERP025,high-support,word_P3,word,P3,280,400,P5|PO7|PO5|PO3,compatible,word_valence,positive,compatible_positive,20,4.6649551612782476
ERP025,high-support,word_P3,word,P3,280,400,P5|PO7|PO5|PO3,compatible,word_valence,negative,compatible_negative,20,2.8239593210776524
ERP025,high-support,word_P3,word,P3,280,400,P5|PO7|PO5|PO3,incompatible,word_valence,negative,incompatible_negative,20,1.318177358020499
ERP025,high-support,word_P3,word,P3,280,400,P5|PO7|PO5|PO3,incompatible,word_valence,positive,incompatible_positive,20,1.1252045044195906
ERP026,high-support,word_P3,word,P3,280,400,P5|PO7|PO5|PO3,compatible,word_valence,positive,compatible_positive,20,-2.1001052806059386
ERP026,high-support,word_P3,word,P3,280,400,P5|PO7|PO5|PO3,compatible,word_valence,negative,compatible_negative,20,-2.3245559348298617
ERP026,high-support,word_P3,word,P3,280,400,P5|PO7|PO5|PO3,incompatible,word_valence,negative,incompatible_negative,19,-3.5559945767581862
ERP026,high-support,word_P3,word,P3,280,400,P5|PO7|PO5|PO3,incompatible,word_valence,positive,incompatible_positive,17,-0.94085425985620763
ERP027,high-support,word_P3,word,P3,280,400,P5|PO7|PO5|PO3,compatible,word_valence,positive,compatible_positive,20,1.052616979756922
ERP027,high-support,word_P3,word,P3,280,400,P5|PO7|PO5|PO3,compatible,word_valence,negative,compatible_negative,20,-0.42875372681008145
ERP027,high-support,word_P3,word,P3,280,400,P5|PO7|PO5|PO3,incompatible,word_valence,negative,incompatible_negative,19,0.26612354676584637
ERP027,high-support,word_P3,word,P3,280,400,P5|PO7|PO5|PO3,incompatible,word_valence,positive,incompatible_positive,18,-0.44872826446592395
ERP029,low-support,word_P3,word,P3,280,400,P5|PO7|PO5|PO3,compatible,word_valence,positive,compatible_positive,20,-0.17968084772243215
ERP029,low-support,word_P3,word,P3,280,400,P5|PO7|PO5|PO3,compatible,word_valence,negative,compatible_negative,19,-1.6853663298823158
ERP029,low-support,word_P3,word,P3,280,400,P5|PO7|PO5|PO3,incompatible,word_valence,negative,incompatible_negative,20,-1.5096794056762473
ERP029,low-support,word_P3,word,P3,280,400,P5|PO7|PO5|PO3,incompatible,word_valence,positive,incompatible_positive,20,-1.8253236636368011
ERP030,low-support,word_P3,word,P3,280,400,P5|PO7|PO5|PO3,compatible,word_valence,positive,compatible_positive,18,6.5849493727805788
ERP030,low-support,word_P3,word,P3,280,400,P5|PO7|PO5|PO3,compatible,word_valence,negative,compatible_negative,17,0.73264755263866044
ERP030,low-support,word_P3,word,P3,280,400,P5|PO7|PO5|PO3,incompatible,word_valence,negative,incompatible_negative,17,0.89395551849946742
ERP030,low-support,word_P3,word,P3,280,400,P5|PO7|PO5|PO3,incompatible,word_valence,positive,incompatible_positive,16,2.8907514138195278
ERP031,low-support,word_P3,word,P3,280,400,P5|PO7|PO5|PO3,compatible,word_valence,positive,compatible_positive,19,1.7484293168688994
ERP031,low-support,word_P3,word,P3,280,400,P5|PO7|PO5|PO3,compatible,word_valence,negative,compatible_negative,20,-3.2104740940484753
ERP031,low-support,word_P3,word,P3,280,400,P5|PO7|PO5|PO3,incompatible,word_valence,negative,incompatible_negative,19,1.9871957299360996
ERP031,low-support,word_P3,word,P3,280,400,P5|PO7|PO5|PO3,incompatible,word_valence,positive,incompatible_positive,20,-0.56046207450624919
ERP032,low-support,word_P3,word,P3,280,400,P5|PO7|PO5|PO3,compatible,word_valence,positive,compatible_positive,19,-0.17199432735596518
ERP032,low-support,word_P3,word,P3,280,400,P5|PO7|PO5|PO3,compatible,word_valence,negative,compatible_negative,20,0.50994547862318829
ERP032,low-support,word_P3,word,P3,280,400,P5|PO7|PO5|PO3,incompatible,word_valence,negative,incompatible_negative,20,-0.74827923598347601
ERP032,low-support,word_P3,word,P3,280,400,P5|PO7|PO5|PO3,incompatible,word_valence,positive,incompatible_positive,20,0.67299558796481485
ERP033,low-support,word_P3,word,P3,280,400,P5|PO7|PO5|PO3,compatible,word_valence,positive,compatible_positive,17,2.0696498600753954
ERP033,low-support,word_P3,word,P3,280,400,P5|PO7|PO5|PO3,compatible,word_valence,negative,compatible_negative,20,0.86593258837008313
ERP033,low-support,word_P3,word,P3,280,400,P5|PO7|PO5|PO3,incompatible,word_valence,negative,incompatible_negative,19,1.9084975871722043
ERP033,low-support,word_P3,word,P3,280,400,P5|PO7|PO5|PO3,incompatible,word_valence,positive,incompatible_positive,18,0.28139688588205469
ERP034,low-support,word_P3,word,P3,280,400,P5|PO7|PO5|PO3,compatible,word_valence,positive,compatible_positive,18,-1.7708459345020739
ERP034,low-support,word_P3,word,P3,280,400,P5|PO7|PO5|PO3,compatible,word_valence,negative,compatible_negative,18,-2.8412622753637793
ERP034,low-support,word_P3,word,P3,280,400,P5|PO7|PO5|PO3,incompatible,word_valence,negative,incompatible_negative,16,-1.084437099732559
ERP034,low-support,word_P3,word,P3,280,400,P5|PO7|PO5|PO3,incompatible,word_valence,positive,incompatible_positive,17,-1.4980098554794155
ERP035,low-support,word_P3,word,P3,280,400,P5|PO7|PO5|PO3,compatible,word_valence,positive,compatible_positive,15,2.5400947274871131
ERP035,low-support,word_P3,word,P3,280,400,P5|PO7|PO5|PO3,compatible,word_valence,negative,compatible_negative,15,5.6232710681116282
ERP035,low-support,word_P3,word,P3,280,400,P5|PO7|PO5|PO3,incompatible,word_valence,negative,incompatible_negative,18,0.218831056867138
ERP035,low-support,word_P3,word,P3,280,400,P5|PO7|PO5|PO3,incompatible,word_valence,positive,incompatible_positive,14,-2.1966547822464841
ERP036,low-support,word_P3,word,P3,280,400,P5|PO7|PO5|PO3,compatible,word_valence,positive,compatible_positive,20,1.2574730758594059
ERP036,low-support,word_P3,word,P3,280,400,P5|PO7|PO5|PO3,compatible,word_valence,negative,compatible_negative,20,0.40625697331641386
ERP036,low-support,word_P3,word,P3,280,400,P5|PO7|PO5|PO3,incompatible,word_valence,negative,incompatible_negative,20,4.6971393917283519
ERP036,low-support,word_P3,word,P3,280,400,P5|PO7|PO5|PO3,incompatible,word_valence,positive,incompatible_positive,14,3.0154951627310553
ERP037,low-support,word_P3,word,P3,280,400,P5|PO7|PO5|PO3,compatible,word_valence,positive,compatible_positive,20,0.043753992153438399
ERP037,low-support,word_P3,word,P3,280,400,P5|PO7|PO5|PO3,compatible,word_valence,negative,compatible_negative,20,-2.1605209286359779
ERP037,low-support,word_P3,word,P3,280,400,P5|PO7|PO5|PO3,incompatible,word_valence,negative,incompatible_negative,20,-2.6128057080241751
ERP037,low-support,word_P3,word,P3,280,400,P5|PO7|PO5|PO3,incompatible,word_valence,positive,incompatible_positive,20,-1.1377422033460121
ERP038,low-support,word_P3,word,P3,280,400,P5|PO7|PO5|PO3,compatible,word_valence,positive,compatible_positive,19,-0.99847254784762418
ERP038,low-support,word_P3,word,P3,280,400,P5|PO7|PO5|PO3,compatible,word_valence,negative,compatible_negative,20,-2.468572075514925
ERP038,low-support,word_P3,word,P3,280,400,P5|PO7|PO5|PO3,incompatible,word_valence,negative,incompatible_negative,20,-1.7299058940732752
ERP038,low-support,word_P3,word,P3,280,400,P5|PO7|PO5|PO3,incompatible,word_valence,positive,incompatible_positive,20,-1.0581548530293534
ERP039,low-support,word_P3,word,P3,280,400,P5|PO7|PO5|PO3,compatible,word_valence,positive,compatible_positive,17,0.58816503636153517
ERP039,low-support,word_P3,word,P3,280,400,P5|PO7|PO5|PO3,compatible,word_valence,negative,compatible_negative,18,-4.684770152630894
ERP039,low-support,word_P3,word,P3,280,400,P5|PO7|PO5|PO3,incompatible,word_valence,negative,incompatible_negative,16,-2.0224017586186074
ERP039,low-support,word_P3,word,P3,280,400,P5|PO7|PO5|PO3,incompatible,word_valence,positive,incompatible_positive,20,-2.0265011587567159
ERP040,low-support,word_P3,word,P3,280,400,P5|PO7|PO5|PO3,compatible,word_valence,positive,compatible_positive,20,2.9803519568337729
ERP040,low-support,word_P3,word,P3,280,400,P5|PO7|PO5|PO3,compatible,word_valence,negative,compatible_negative,20,1.5978337330259635
ERP040,low-support,word_P3,word,P3,280,400,P5|PO7|PO5|PO3,incompatible,word_valence,negative,incompatible_negative,20,-2.585169138270178
ERP040,low-support,word_P3,word,P3,280,400,P5|PO7|PO5|PO3,incompatible,word_valence,positive,incompatible_positive,20,-0.21880184760917479
ERP041,low-support,word_P3,word,P3,280,400,P5|PO7|PO5|PO3,compatible,word_valence,positive,compatible_positive,19,1.0674555158020782
ERP041,low-support,word_P3,word,P3,280,400,P5|PO7|PO5|PO3,compatible,word_valence,negative,compatible_negative,19,-0.23287787556623993
ERP041,low-support,word_P3,word,P3,280,400,P5|PO7|PO5|PO3,incompatible,word_valence,negative,incompatible_negative,17,-2.2634118789620192
ERP041,low-support,word_P3,word,P3,280,400,P5|PO7|PO5|PO3,incompatible,word_valence,positive,incompatible_positive,20,1.1899836989017354
ERP042,low-support,word_P3,word,P3,280,400,P5|PO7|PO5|PO3,compatible,word_valence,positive,compatible_positive,20,7.6284805319402462
ERP042,low-support,word_P3,word,P3,280,400,P5|PO7|PO5|PO3,compatible,word_valence,negative,compatible_negative,19,4.3144346299966356
ERP042,low-support,word_P3,word,P3,280,400,P5|PO7|PO5|PO3,incompatible,word_valence,negative,incompatible_negative,20,6.6163189239048616
ERP042,low-support,word_P3,word,P3,280,400,P5|PO7|PO5|PO3,incompatible,word_valence,positive,incompatible_positive,20,7.9364206996734659
ERP043,low-support,word_P3,word,P3,280,400,P5|PO7|PO5|PO3,compatible,word_valence,positive,compatible_positive,15,4.1037581609760041
ERP043,low-support,word_P3,word,P3,280,400,P5|PO7|PO5|PO3,compatible,word_valence,negative,compatible_negative,10,3.8208640437768802
ERP043,low-support,word_P3,word,P3,280,400,P5|PO7|PO5|PO3,incompatible,word_valence,negative,incompatible_negative,4,4.8251599965849383
ERP043,low-support,word_P3,word,P3,280,400,P5|PO7|PO5|PO3,incompatible,word_valence,positive,incompatible_positive,1,2.2005946877776354
ERP044,low-support,word_P3,word,P3,280,400,P5|PO7|PO5|PO3,compatible,word_valence,positive,compatible_positive,20,1.5094804168107891
ERP044,low-support,word_P3,word,P3,280,400,P5|PO7|PO5|PO3,compatible,word_valence,negative,compatible_negative,20,-1.0211749134962123
ERP044,low-support,word_P3,word,P3,280,400,P5|PO7|PO5|PO3,incompatible,word_valence,negative,incompatible_negative,18,3.3646735002248609
ERP044,low-support,word_P3,word,P3,280,400,P5|PO7|PO5|PO3,incompatible,word_valence,positive,incompatible_positive,19,1.2535689129247514
ERP045,low-support,word_P3,word,P3,280,400,P5|PO7|PO5|PO3,compatible,word_valence,positive,compatible_positive,18,3.1907359725105313
ERP045,low-support,word_P3,word,P3,280,400,P5|PO7|PO5|PO3,compatible,word_valence,negative,compatible_negative,14,4.862677267667098
ERP045,low-support,word_P3,word,P3,280,400,P5|PO7|PO5|PO3,incompatible,word_valence,negative,incompatible_negative,8,2.3785529214422954
ERP045,low-support,word_P3,word,P3,280,400,P5|PO7|PO5|PO3,incompatible,word_valence,positive,incompatible_positive,7,2.0687057741923827
ERP046,low-support,word_P3,word,P3,280,400,P5|PO7|PO5|PO3,compatible,word_valence,positive,compatible_positive,18,5.538872947968752
ERP046,low-support,word_P3,word,P3,280,400,P5|PO7|PO5|PO3,compatible,word_valence,negative,compatible_negative,16,3.6362105900435218
ERP046,low-support,word_P3,word,P3,280,400,P5|PO7|PO5|PO3,incompatible,word_valence,negative,incompatible_negative,1,2.5780829724011558
ERP046,low-support,word_P3,word,P3,280,400,P5|PO7|PO5|PO3,incompatible,word_valence,positive,incompatible_positive,2,-0.31727489955134369
ERP047,low-support,word_P3,word,P3,280,400,P5|PO7|PO5|PO3,compatible,word_valence,positive,compatible_positive,20,5.1254927260614043
ERP047,low-support,word_P3,word,P3,280,400,P5|PO7|PO5|PO3,compatible,word_valence,negative,compatible_negative,20,6.2649531735081521
ERP047,low-support,word_P3,word,P3,280,400,P5|PO7|PO5|PO3,incompatible,word_valence,negative,incompatible_negative,20,3.3959981866324656
ERP047,low-support,word_P3,word,P3,280,400,P5|PO7|PO5|PO3,incompatible,word_valence,positive,incompatible_positive,20,4.1553737064457916
ERP048,low-support,word_P3,word,P3,280,400,P5|PO7|PO5|PO3,compatible,word_valence,positive,compatible_positive,20,0.04648127148386158
ERP048,low-support,word_P3,word,P3,280,400,P5|PO7|PO5|PO3,compatible,word_valence,negative,compatible_negative,20,0.87528345080417536
ERP048,low-support,word_P3,word,P3,280,400,P5|PO7|PO5|PO3,incompatible,word_valence,negative,incompatible_negative,18,-0.99300727115921927
ERP048,low-support,word_P3,word,P3,280,400,P5|PO7|PO5|PO3,incompatible,word_valence,positive,incompatible_positive,16,0.10999497326857896
ERP049,low-support,word_P3,word,P3,280,400,P5|PO7|PO5|PO3,compatible,word_valence,positive,compatible_positive,20,4.8917065628460641
ERP049,low-support,word_P3,word,P3,280,400,P5|PO7|PO5|PO3,compatible,word_valence,negative,compatible_negative,20,1.9917879526015305
ERP049,low-support,word_P3,word,P3,280,400,P5|PO7|PO5|PO3,incompatible,word_valence,negative,incompatible_negative,19,1.0427640697476415
ERP049,low-support,word_P3,word,P3,280,400,P5|PO7|PO5|PO3,incompatible,word_valence,positive,incompatible_positive,18,3.1243443096509864
ERP050,low-support,word_P3,word,P3,280,400,P5|PO7|PO5|PO3,compatible,word_valence,positive,compatible_positive,20,0.42513286984984899
ERP050,low-support,word_P3,word,P3,280,400,P5|PO7|PO5|PO3,compatible,word_valence,negative,compatible_negative,20,0.1884613711719233
ERP050,low-support,word_P3,word,P3,280,400,P5|PO7|PO5|PO3,incompatible,word_valence,negative,incompatible_negative,20,-1.1328527470912917
ERP050,low-support,word_P3,word,P3,280,400,P5|PO7|PO5|PO3,incompatible,word_valence,positive,incompatible_positive,20,1.1080533847229916
ERP051,low-support,word_P3,word,P3,280,400,P5|PO7|PO5|PO3,compatible,word_valence,positive,compatible_positive,17,-0.039057751968142734
ERP051,low-support,word_P3,word,P3,280,400,P5|PO7|PO5|PO3,compatible,word_valence,negative,compatible_negative,15,1.9287039444881677
ERP051,low-support,word_P3,word,P3,280,400,P5|PO7|PO5|PO3,incompatible,word_valence,negative,incompatible_negative,15,1.752047020717594
ERP051,low-support,word_P3,word,P3,280,400,P5|PO7|PO5|PO3,incompatible,word_valence,positive,incompatible_positive,12,2.5032081025267976
ERP052,low-support,word_P3,word,P3,280,400,P5|PO7|PO5|PO3,compatible,word_valence,positive,compatible_positive,20,0.48694852162180835
ERP052,low-support,word_P3,word,P3,280,400,P5|PO7|PO5|PO3,compatible,word_valence,negative,compatible_negative,20,1.8108792349217488
ERP052,low-support,word_P3,word,P3,280,400,P5|PO7|PO5|PO3,incompatible,word_valence,negative,incompatible_negative,20,4.0115787596326902
ERP052,low-support,word_P3,word,P3,280,400,P5|PO7|PO5|PO3,incompatible,word_valence,positive,incompatible_positive,18,5.6691122659074491
ERP053,low-support,word_P3,word,P3,280,400,P5|PO7|PO5|PO3,compatible,word_valence,positive,compatible_positive,19,-1.8463865497660321
ERP053,low-support,word_P3,word,P3,280,400,P5|PO7|PO5|PO3,compatible,word_valence,negative,compatible_negative,20,-1.6949109899621442
ERP053,low-support,word_P3,word,P3,280,400,P5|PO7|PO5|PO3,incompatible,word_valence,negative,incompatible_negative,18,-0.14005988957874604
ERP053,low-support,word_P3,word,P3,280,400,P5|PO7|PO5|PO3,incompatible,word_valence,positive,incompatible_positive,16,-0.42595735483810016
ERP054,low-support,word_P3,word,P3,280,400,P5|PO7|PO5|PO3,compatible,word_valence,positive,compatible_positive,13,14.671007032821299
ERP054,low-support,word_P3,word,P3,280,400,P5|PO7|PO5|PO3,compatible,word_valence,negative,compatible_negative,14,-2.5257485764513152
ERP054,low-support,word_P3,word,P3,280,400,P5|PO7|PO5|PO3,incompatible,word_valence,negative,incompatible_negative,16,10.793479101848192
ERP054,low-support,word_P3,word,P3,280,400,P5|PO7|PO5|PO3,incompatible,word_valence,positive,incompatible_positive,12,11.674844638379955
ERP055,low-support,word_P3,word,P3,280,400,P5|PO7|PO5|PO3,compatible,word_valence,positive,compatible_positive,14,0.95136734263212386
ERP055,low-support,word_P3,word,P3,280,400,P5|PO7|PO5|PO3,compatible,word_valence,negative,compatible_negative,16,0.56660092472129953
ERP055,low-support,word_P3,word,P3,280,400,P5|PO7|PO5|PO3,incompatible,word_valence,negative,incompatible_negative,15,1.7489778031817336
ERP055,low-support,word_P3,word,P3,280,400,P5|PO7|PO5|PO3,incompatible,word_valence,positive,incompatible_positive,14,3.9655339263531664
ERP056,low-support,word_P3,word,P3,280,400,P5|PO7|PO5|PO3,compatible,word_valence,positive,compatible_positive,11,12.525811881892341
ERP056,low-support,word_P3,word,P3,280,400,P5|PO7|PO5|PO3,compatible,word_valence,negative,compatible_negative,12,3.7307968171273655
ERP056,low-support,word_P3,word,P3,280,400,P5|PO7|PO5|PO3,incompatible,word_valence,negative,incompatible_negative,9,8.458899254141901
ERP056,low-support,word_P3,word,P3,280,400,P5|PO7|PO5|PO3,incompatible,word_valence,positive,incompatible_positive,12,10.237963743136669
ERP059,low-support,word_P3,word,P3,280,400,P5|PO7|PO5|PO3,compatible,word_valence,positive,compatible_positive,17,-3.6418982834490286
ERP059,low-support,word_P3,word,P3,280,400,P5|PO7|PO5|PO3,compatible,word_valence,negative,compatible_negative,18,-6.5870768737246648
ERP059,low-support,word_P3,word,P3,280,400,P5|PO7|PO5|PO3,incompatible,word_valence,negative,incompatible_negative,10,3.1445411955050835
ERP059,low-support,word_P3,word,P3,280,400,P5|PO7|PO5|PO3,incompatible,word_valence,positive,incompatible_positive,11,-0.53979721168714001
ERP060,low-support,word_P3,word,P3,280,400,P5|PO7|PO5|PO3,compatible,word_valence,positive,compatible_positive,13,7.1798841288831827
ERP060,low-support,word_P3,word,P3,280,400,P5|PO7|PO5|PO3,compatible,word_valence,negative,compatible_negative,14,2.3816624767164281
ERP060,low-support,word_P3,word,P3,280,400,P5|PO7|PO5|PO3,incompatible,word_valence,negative,incompatible_negative,13,-5.1862181095663029
ERP060,low-support,word_P3,word,P3,280,400,P5|PO7|PO5|PO3,incompatible,word_valence,positive,incompatible_positive,12,-4.0829814153715267
ERP001,high-support,picture_LPP,picture,LPP,400,500,P7|P6|P8|PO7|PO6,compatible,picture_type,own,compatible_own,19,3.0049467116778126
ERP001,high-support,picture_LPP,picture,LPP,400,500,P7|P6|P8|PO7|PO6,compatible,picture_type,unfamiliar,compatible_unfamiliar,19,0.79725176889188476
ERP001,high-support,picture_LPP,picture,LPP,400,500,P7|P6|P8|PO7|PO6,incompatible,picture_type,own,incompatible_own,20,-0.10929082124180475
ERP001,high-support,picture_LPP,picture,LPP,400,500,P7|P6|P8|PO7|PO6,incompatible,picture_type,unfamiliar,incompatible_unfamiliar,20,-2.8001586842077919
ERP002,high-support,picture_LPP,picture,LPP,400,500,P7|P6|P8|PO7|PO6,compatible,picture_type,own,compatible_own,20,5.5820084017956528
ERP002,high-support,picture_LPP,picture,LPP,400,500,P7|P6|P8|PO7|PO6,compatible,picture_type,unfamiliar,compatible_unfamiliar,20,6.6787514010216267
ERP002,high-support,picture_LPP,picture,LPP,400,500,P7|P6|P8|PO7|PO6,incompatible,picture_type,own,incompatible_own,19,6.9177836563789699
ERP002,high-support,picture_LPP,picture,LPP,400,500,P7|P6|P8|PO7|PO6,incompatible,picture_type,unfamiliar,incompatible_unfamiliar,20,5.3416672476398128
ERP003,high-support,picture_LPP,picture,LPP,400,500,P7|P6|P8|PO7|PO6,compatible,picture_type,own,compatible_own,20,0.56877908683570499
ERP003,high-support,picture_LPP,picture,LPP,400,500,P7|P6|P8|PO7|PO6,compatible,picture_type,unfamiliar,compatible_unfamiliar,20,0.054466264856013268
ERP003,high-support,picture_LPP,picture,LPP,400,500,P7|P6|P8|PO7|PO6,incompatible,picture_type,own,incompatible_own,20,0.33014122255632694
ERP003,high-support,picture_LPP,picture,LPP,400,500,P7|P6|P8|PO7|PO6,incompatible,picture_type,unfamiliar,incompatible_unfamiliar,19,0.57502559255535257
ERP004,high-support,picture_LPP,picture,LPP,400,500,P7|P6|P8|PO7|PO6,compatible,picture_type,own,compatible_own,20,11.711485400583651
ERP004,high-support,picture_LPP,picture,LPP,400,500,P7|P6|P8|PO7|PO6,compatible,picture_type,unfamiliar,compatible_unfamiliar,20,12.955328212924275
ERP004,high-support,picture_LPP,picture,LPP,400,500,P7|P6|P8|PO7|PO6,incompatible,picture_type,own,incompatible_own,20,10.38326101265471
ERP004,high-support,picture_LPP,picture,LPP,400,500,P7|P6|P8|PO7|PO6,incompatible,picture_type,unfamiliar,incompatible_unfamiliar,20,12.826426755768182
ERP006,high-support,picture_LPP,picture,LPP,400,500,P7|P6|P8|PO7|PO6,compatible,picture_type,own,compatible_own,7,12.706320094545006
ERP006,high-support,picture_LPP,picture,LPP,400,500,P7|P6|P8|PO7|PO6,compatible,picture_type,unfamiliar,compatible_unfamiliar,7,20.030660718975032
ERP006,high-support,picture_LPP,picture,LPP,400,500,P7|P6|P8|PO7|PO6,incompatible,picture_type,own,incompatible_own,8,6.9442970710200838
ERP006,high-support,picture_LPP,picture,LPP,400,500,P7|P6|P8|PO7|PO6,incompatible,picture_type,unfamiliar,incompatible_unfamiliar,10,15.21052234720093
ERP007,high-support,picture_LPP,picture,LPP,400,500,P7|P6|P8|PO7|PO6,compatible,picture_type,own,compatible_own,20,0.64474742945098229
ERP007,high-support,picture_LPP,picture,LPP,400,500,P7|P6|P8|PO7|PO6,compatible,picture_type,unfamiliar,compatible_unfamiliar,19,0.036485501720515942
ERP007,high-support,picture_LPP,picture,LPP,400,500,P7|P6|P8|PO7|PO6,incompatible,picture_type,own,incompatible_own,20,2.8755479488653708
ERP007,high-support,picture_LPP,picture,LPP,400,500,P7|P6|P8|PO7|PO6,incompatible,picture_type,unfamiliar,incompatible_unfamiliar,19,1.9121964408812009
ERP008,high-support,picture_LPP,picture,LPP,400,500,P7|P6|P8|PO7|PO6,compatible,picture_type,own,compatible_own,20,0.2152482798745789
ERP008,high-support,picture_LPP,picture,LPP,400,500,P7|P6|P8|PO7|PO6,compatible,picture_type,unfamiliar,compatible_unfamiliar,20,4.5294840976299131
ERP008,high-support,picture_LPP,picture,LPP,400,500,P7|P6|P8|PO7|PO6,incompatible,picture_type,own,incompatible_own,20,0.98252831083486536
ERP008,high-support,picture_LPP,picture,LPP,400,500,P7|P6|P8|PO7|PO6,incompatible,picture_type,unfamiliar,incompatible_unfamiliar,20,2.5832645629719764
ERP009,high-support,picture_LPP,picture,LPP,400,500,P7|P6|P8|PO7|PO6,compatible,picture_type,own,compatible_own,20,11.482641885402913
ERP009,high-support,picture_LPP,picture,LPP,400,500,P7|P6|P8|PO7|PO6,compatible,picture_type,unfamiliar,compatible_unfamiliar,20,10.274946843684814
ERP009,high-support,picture_LPP,picture,LPP,400,500,P7|P6|P8|PO7|PO6,incompatible,picture_type,own,incompatible_own,20,5.2294864239158025
ERP009,high-support,picture_LPP,picture,LPP,400,500,P7|P6|P8|PO7|PO6,incompatible,picture_type,unfamiliar,incompatible_unfamiliar,20,7.0716567903468341
ERP010,high-support,picture_LPP,picture,LPP,400,500,P7|P6|P8|PO7|PO6,compatible,picture_type,own,compatible_own,12,4.54875181436792
ERP010,high-support,picture_LPP,picture,LPP,400,500,P7|P6|P8|PO7|PO6,compatible,picture_type,unfamiliar,compatible_unfamiliar,13,7.0552638438433251
ERP010,high-support,picture_LPP,picture,LPP,400,500,P7|P6|P8|PO7|PO6,incompatible,picture_type,own,incompatible_own,18,5.4626652034166199
ERP010,high-support,picture_LPP,picture,LPP,400,500,P7|P6|P8|PO7|PO6,incompatible,picture_type,unfamiliar,incompatible_unfamiliar,20,3.9080940814974561
ERP011,high-support,picture_LPP,picture,LPP,400,500,P7|P6|P8|PO7|PO6,compatible,picture_type,own,compatible_own,20,7.0822914887114665
ERP011,high-support,picture_LPP,picture,LPP,400,500,P7|P6|P8|PO7|PO6,compatible,picture_type,unfamiliar,compatible_unfamiliar,20,10.230216310660847
ERP011,high-support,picture_LPP,picture,LPP,400,500,P7|P6|P8|PO7|PO6,incompatible,picture_type,own,incompatible_own,20,3.0470289336968635
ERP011,high-support,picture_LPP,picture,LPP,400,500,P7|P6|P8|PO7|PO6,incompatible,picture_type,unfamiliar,incompatible_unfamiliar,20,5.8111516150971765
ERP012,high-support,picture_LPP,picture,LPP,400,500,P7|P6|P8|PO7|PO6,compatible,picture_type,own,compatible_own,20,11.621941023149168
ERP012,high-support,picture_LPP,picture,LPP,400,500,P7|P6|P8|PO7|PO6,compatible,picture_type,unfamiliar,compatible_unfamiliar,19,6.7256712611094613
ERP012,high-support,picture_LPP,picture,LPP,400,500,P7|P6|P8|PO7|PO6,incompatible,picture_type,own,incompatible_own,20,-2.1422341442403461
ERP012,high-support,picture_LPP,picture,LPP,400,500,P7|P6|P8|PO7|PO6,incompatible,picture_type,unfamiliar,incompatible_unfamiliar,19,-2.631568438151449
ERP013,high-support,picture_LPP,picture,LPP,400,500,P7|P6|P8|PO7|PO6,compatible,picture_type,own,compatible_own,20,3.1789995104832891
ERP013,high-support,picture_LPP,picture,LPP,400,500,P7|P6|P8|PO7|PO6,compatible,picture_type,unfamiliar,compatible_unfamiliar,20,4.08550699251232
ERP013,high-support,picture_LPP,picture,LPP,400,500,P7|P6|P8|PO7|PO6,incompatible,picture_type,own,incompatible_own,20,3.9657309805400418
ERP013,high-support,picture_LPP,picture,LPP,400,500,P7|P6|P8|PO7|PO6,incompatible,picture_type,unfamiliar,incompatible_unfamiliar,20,2.0014278003485817
ERP014,high-support,picture_LPP,picture,LPP,400,500,P7|P6|P8|PO7|PO6,compatible,picture_type,own,compatible_own,13,7.3487461869334236
ERP014,high-support,picture_LPP,picture,LPP,400,500,P7|P6|P8|PO7|PO6,compatible,picture_type,unfamiliar,compatible_unfamiliar,17,8.0153689236571974
ERP014,high-support,picture_LPP,picture,LPP,400,500,P7|P6|P8|PO7|PO6,incompatible,picture_type,own,incompatible_own,19,5.1965893339242673
ERP014,high-support,picture_LPP,picture,LPP,400,500,P7|P6|P8|PO7|PO6,incompatible,picture_type,unfamiliar,incompatible_unfamiliar,20,2.9430971754105513
ERP015,high-support,picture_LPP,picture,LPP,400,500,P7|P6|P8|PO7|PO6,compatible,picture_type,own,compatible_own,18,2.8063807875945619
ERP015,high-support,picture_LPP,picture,LPP,400,500,P7|P6|P8|PO7|PO6,compatible,picture_type,unfamiliar,compatible_unfamiliar,19,5.2331815662482226
ERP015,high-support,picture_LPP,picture,LPP,400,500,P7|P6|P8|PO7|PO6,incompatible,picture_type,own,incompatible_own,20,3.7839558053822402
ERP015,high-support,picture_LPP,picture,LPP,400,500,P7|P6|P8|PO7|PO6,incompatible,picture_type,unfamiliar,incompatible_unfamiliar,20,5.2281110097907249
ERP017,high-support,picture_LPP,picture,LPP,400,500,P7|P6|P8|PO7|PO6,compatible,picture_type,own,compatible_own,19,7.6909903666591193
ERP017,high-support,picture_LPP,picture,LPP,400,500,P7|P6|P8|PO7|PO6,compatible,picture_type,unfamiliar,compatible_unfamiliar,19,8.7278821500184876
ERP017,high-support,picture_LPP,picture,LPP,400,500,P7|P6|P8|PO7|PO6,incompatible,picture_type,own,incompatible_own,19,7.7161567752031548
ERP017,high-support,picture_LPP,picture,LPP,400,500,P7|P6|P8|PO7|PO6,incompatible,picture_type,unfamiliar,incompatible_unfamiliar,19,7.4817049322768536
ERP018,high-support,picture_LPP,picture,LPP,400,500,P7|P6|P8|PO7|PO6,compatible,picture_type,own,compatible_own,20,1.4478558175525094
ERP018,high-support,picture_LPP,picture,LPP,400,500,P7|P6|P8|PO7|PO6,compatible,picture_type,unfamiliar,compatible_unfamiliar,20,4.8362959936185064
ERP018,high-support,picture_LPP,picture,LPP,400,500,P7|P6|P8|PO7|PO6,incompatible,picture_type,own,incompatible_own,19,2.2422285752763651
ERP018,high-support,picture_LPP,picture,LPP,400,500,P7|P6|P8|PO7|PO6,incompatible,picture_type,unfamiliar,incompatible_unfamiliar,18,0.11299103070743151
ERP019,high-support,picture_LPP,picture,LPP,400,500,P7|P6|P8|PO7|PO6,compatible,picture_type,own,compatible_own,20,7.6344881694792859
ERP019,high-support,picture_LPP,picture,LPP,400,500,P7|P6|P8|PO7|PO6,compatible,picture_type,unfamiliar,compatible_unfamiliar,20,6.6037263776234258
ERP019,high-support,picture_LPP,picture,LPP,400,500,P7|P6|P8|PO7|PO6,incompatible,picture_type,own,incompatible_own,20,5.7691661273292363
ERP019,high-support,picture_LPP,picture,LPP,400,500,P7|P6|P8|PO7|PO6,incompatible,picture_type,unfamiliar,incompatible_unfamiliar,20,6.9916474638589792
ERP020,high-support,picture_LPP,picture,LPP,400,500,P7|P6|P8|PO7|PO6,compatible,picture_type,own,compatible_own,8,9.674933925470766
ERP020,high-support,picture_LPP,picture,LPP,400,500,P7|P6|P8|PO7|PO6,compatible,picture_type,unfamiliar,compatible_unfamiliar,11,11.544326310110019
ERP020,high-support,picture_LPP,picture,LPP,400,500,P7|P6|P8|PO7|PO6,incompatible,picture_type,own,incompatible_own,18,11.212720917183997
ERP020,high-support,picture_LPP,picture,LPP,400,500,P7|P6|P8|PO7|PO6,incompatible,picture_type,unfamiliar,incompatible_unfamiliar,19,10.444797318960614
ERP021,high-support,picture_LPP,picture,LPP,400,500,P7|P6|P8|PO7|PO6,compatible,picture_type,own,compatible_own,14,-4.7822536917888341
ERP021,high-support,picture_LPP,picture,LPP,400,500,P7|P6|P8|PO7|PO6,compatible,picture_type,unfamiliar,compatible_unfamiliar,14,-0.47675476486565616
ERP021,high-support,picture_LPP,picture,LPP,400,500,P7|P6|P8|PO7|PO6,incompatible,picture_type,own,incompatible_own,19,-0.70821401928119099
ERP021,high-support,picture_LPP,picture,LPP,400,500,P7|P6|P8|PO7|PO6,incompatible,picture_type,unfamiliar,incompatible_unfamiliar,18,0.021810327998432445
ERP022,high-support,picture_LPP,picture,LPP,400,500,P7|P6|P8|PO7|PO6,compatible,picture_type,own,compatible_own,20,4.9323492673315901
ERP022,high-support,picture_LPP,picture,LPP,400,500,P7|P6|P8|PO7|PO6,compatible,picture_type,unfamiliar,compatible_unfamiliar,20,5.0261734538797134
ERP022,high-support,picture_LPP,picture,LPP,400,500,P7|P6|P8|PO7|PO6,incompatible,picture_type,own,incompatible_own,19,0.75808767874405325
ERP022,high-support,picture_LPP,picture,LPP,400,500,P7|P6|P8|PO7|PO6,incompatible,picture_type,unfamiliar,incompatible_unfamiliar,19,0.88268634205430296
ERP023,high-support,picture_LPP,picture,LPP,400,500,P7|P6|P8|PO7|PO6,compatible,picture_type,own,compatible_own,20,3.5752848702941264
ERP023,high-support,picture_LPP,picture,LPP,400,500,P7|P6|P8|PO7|PO6,compatible,picture_type,unfamiliar,compatible_unfamiliar,20,5.6505755849252193
ERP023,high-support,picture_LPP,picture,LPP,400,500,P7|P6|P8|PO7|PO6,incompatible,picture_type,own,incompatible_own,20,4.2579685802040528
ERP023,high-support,picture_LPP,picture,LPP,400,500,P7|P6|P8|PO7|PO6,incompatible,picture_type,unfamiliar,incompatible_unfamiliar,20,6.0507280428131098
ERP024,high-support,picture_LPP,picture,LPP,400,500,P7|P6|P8|PO7|PO6,compatible,picture_type,own,compatible_own,20,0.091120700737415961
ERP024,high-support,picture_LPP,picture,LPP,400,500,P7|P6|P8|PO7|PO6,compatible,picture_type,unfamiliar,compatible_unfamiliar,20,2.0285493062646327
ERP024,high-support,picture_LPP,picture,LPP,400,500,P7|P6|P8|PO7|PO6,incompatible,picture_type,own,incompatible_own,20,2.0692603524154114
ERP024,high-support,picture_LPP,picture,LPP,400,500,P7|P6|P8|PO7|PO6,incompatible,picture_type,unfamiliar,incompatible_unfamiliar,19,2.8225373851637472
ERP025,high-support,picture_LPP,picture,LPP,400,500,P7|P6|P8|PO7|PO6,compatible,picture_type,own,compatible_own,20,2.2821687961150676
ERP025,high-support,picture_LPP,picture,LPP,400,500,P7|P6|P8|PO7|PO6,compatible,picture_type,unfamiliar,compatible_unfamiliar,20,4.0205200071332179
ERP025,high-support,picture_LPP,picture,LPP,400,500,P7|P6|P8|PO7|PO6,incompatible,picture_type,own,incompatible_own,19,4.3625570398552211
ERP025,high-support,picture_LPP,picture,LPP,400,500,P7|P6|P8|PO7|PO6,incompatible,picture_type,unfamiliar,incompatible_unfamiliar,20,6.266699487170234
ERP026,high-support,picture_LPP,picture,LPP,400,500,P7|P6|P8|PO7|PO6,compatible,picture_type,own,compatible_own,19,7.4819769244694569
ERP026,high-support,picture_LPP,picture,LPP,400,500,P7|P6|P8|PO7|PO6,compatible,picture_type,unfamiliar,compatible_unfamiliar,20,3.3780035109338771
ERP026,high-support,picture_LPP,picture,LPP,400,500,P7|P6|P8|PO7|PO6,incompatible,picture_type,own,incompatible_own,19,7.4795416652176856
ERP026,high-support,picture_LPP,picture,LPP,400,500,P7|P6|P8|PO7|PO6,incompatible,picture_type,unfamiliar,incompatible_unfamiliar,18,3.6365148284679814
ERP027,high-support,picture_LPP,picture,LPP,400,500,P7|P6|P8|PO7|PO6,compatible,picture_type,own,compatible_own,20,6.3401036222072147
ERP027,high-support,picture_LPP,picture,LPP,400,500,P7|P6|P8|PO7|PO6,compatible,picture_type,unfamiliar,compatible_unfamiliar,20,2.6079670053677235
ERP027,high-support,picture_LPP,picture,LPP,400,500,P7|P6|P8|PO7|PO6,incompatible,picture_type,own,incompatible_own,19,1.3186608228562284
ERP027,high-support,picture_LPP,picture,LPP,400,500,P7|P6|P8|PO7|PO6,incompatible,picture_type,unfamiliar,incompatible_unfamiliar,18,1.5554777288498685
ERP029,low-support,picture_LPP,picture,LPP,400,500,P7|P6|P8|PO7|PO6,compatible,picture_type,own,compatible_own,20,0.39747858117917245
ERP029,low-support,picture_LPP,picture,LPP,400,500,P7|P6|P8|PO7|PO6,compatible,picture_type,unfamiliar,compatible_unfamiliar,19,2.9059719896823104
ERP029,low-support,picture_LPP,picture,LPP,400,500,P7|P6|P8|PO7|PO6,incompatible,picture_type,own,incompatible_own,20,1.3334498584479726
ERP029,low-support,picture_LPP,picture,LPP,400,500,P7|P6|P8|PO7|PO6,incompatible,picture_type,unfamiliar,incompatible_unfamiliar,20,4.4276882533583208
ERP030,low-support,picture_LPP,picture,LPP,400,500,P7|P6|P8|PO7|PO6,compatible,picture_type,own,compatible_own,18,5.5813099089173015
ERP030,low-support,picture_LPP,picture,LPP,400,500,P7|P6|P8|PO7|PO6,compatible,picture_type,unfamiliar,compatible_unfamiliar,17,4.7224797136621808
ERP030,low-support,picture_LPP,picture,LPP,400,500,P7|P6|P8|PO7|PO6,incompatible,picture_type,own,incompatible_own,19,1.6954754645112728
ERP030,low-support,picture_LPP,picture,LPP,400,500,P7|P6|P8|PO7|PO6,incompatible,picture_type,unfamiliar,incompatible_unfamiliar,17,8.0217140543490864
ERP031,low-support,picture_LPP,picture,LPP,400,500,P7|P6|P8|PO7|PO6,compatible,picture_type,own,compatible_own,19,4.7313699706494079
ERP031,low-support,picture_LPP,picture,LPP,400,500,P7|P6|P8|PO7|PO6,compatible,picture_type,unfamiliar,compatible_unfamiliar,20,5.2229191641897925
ERP031,low-support,picture_LPP,picture,LPP,400,500,P7|P6|P8|PO7|PO6,incompatible,picture_type,own,incompatible_own,19,2.7384345221613402
ERP031,low-support,picture_LPP,picture,LPP,400,500,P7|P6|P8|PO7|PO6,incompatible,picture_type,unfamiliar,incompatible_unfamiliar,20,4.3804010035683847
ERP032,low-support,picture_LPP,picture,LPP,400,500,P7|P6|P8|PO7|PO6,compatible,picture_type,own,compatible_own,19,6.2608258120274556
ERP032,low-support,picture_LPP,picture,LPP,400,500,P7|P6|P8|PO7|PO6,compatible,picture_type,unfamiliar,compatible_unfamiliar,19,6.9390644542261937
ERP032,low-support,picture_LPP,picture,LPP,400,500,P7|P6|P8|PO7|PO6,incompatible,picture_type,own,incompatible_own,20,6.5453481359630441
ERP032,low-support,picture_LPP,picture,LPP,400,500,P7|P6|P8|PO7|PO6,incompatible,picture_type,unfamiliar,incompatible_unfamiliar,20,8.9645523967548932
ERP033,low-support,picture_LPP,picture,LPP,400,500,P7|P6|P8|PO7|PO6,compatible,picture_type,own,compatible_own,18,5.3428168163972103
ERP033,low-support,picture_LPP,picture,LPP,400,500,P7|P6|P8|PO7|PO6,compatible,picture_type,unfamiliar,compatible_unfamiliar,19,4.3711477072897171
ERP033,low-support,picture_LPP,picture,LPP,400,500,P7|P6|P8|PO7|PO6,incompatible,picture_type,own,incompatible_own,20,4.6570858366263277
ERP033,low-support,picture_LPP,picture,LPP,400,500,P7|P6|P8|PO7|PO6,incompatible,picture_type,unfamiliar,incompatible_unfamiliar,19,7.4705458308587778
ERP034,low-support,picture_LPP,picture,LPP,400,500,P7|P6|P8|PO7|PO6,compatible,picture_type,own,compatible_own,18,-0.74627825766902878
ERP034,low-support,picture_LPP,picture,LPP,400,500,P7|P6|P8|PO7|PO6,compatible,picture_type,unfamiliar,compatible_unfamiliar,17,-0.19562151697035307
ERP034,low-support,picture_LPP,picture,LPP,400,500,P7|P6|P8|PO7|PO6,incompatible,picture_type,own,incompatible_own,16,0.80577797826701192
ERP034,low-support,picture_LPP,picture,LPP,400,500,P7|P6|P8|PO7|PO6,incompatible,picture_type,unfamiliar,incompatible_unfamiliar,17,3.542758902903651
ERP035,low-support,picture_LPP,picture,LPP,400,500,P7|P6|P8|PO7|PO6,compatible,picture_type,own,compatible_own,14,10.778260405583984
ERP035,low-support,picture_LPP,picture,LPP,400,500,P7|P6|P8|PO7|PO6,compatible,picture_type,unfamiliar,compatible_unfamiliar,14,10.038972977689715
ERP035,low-support,picture_LPP,picture,LPP,400,500,P7|P6|P8|PO7|PO6,incompatible,picture_type,own,incompatible_own,16,9.9407914071176204
ERP035,low-support,picture_LPP,picture,LPP,400,500,P7|P6|P8|PO7|PO6,incompatible,picture_type,unfamiliar,incompatible_unfamiliar,15,9.9722604513281823
ERP036,low-support,picture_LPP,picture,LPP,400,500,P7|P6|P8|PO7|PO6,compatible,picture_type,own,compatible_own,20,7.0150825542762449
ERP036,low-support,picture_LPP,picture,LPP,400,500,P7|P6|P8|PO7|PO6,compatible,picture_type,unfamiliar,compatible_unfamiliar,19,5.9452517236275737
ERP036,low-support,picture_LPP,picture,LPP,400,500,P7|P6|P8|PO7|PO6,incompatible,picture_type,own,incompatible_own,20,10.443085873334871
ERP036,low-support,picture_LPP,picture,LPP,400,500,P7|P6|P8|PO7|PO6,incompatible,picture_type,unfamiliar,incompatible_unfamiliar,15,8.1762913671533237
ERP037,low-support,picture_LPP,picture,LPP,400,500,P7|P6|P8|PO7|PO6,compatible,picture_type,own,compatible_own,20,-0.22628879562500748
ERP037,low-support,picture_LPP,picture,LPP,400,500,P7|P6|P8|PO7|PO6,compatible,picture_type,unfamiliar,compatible_unfamiliar,20,1.1665532896406225
ERP037,low-support,picture_LPP,picture,LPP,400,500,P7|P6|P8|PO7|PO6,incompatible,picture_type,own,incompatible_own,20,-1.2501151023987707
ERP037,low-support,picture_LPP,picture,LPP,400,500,P7|P6|P8|PO7|PO6,incompatible,picture_type,unfamiliar,incompatible_unfamiliar,20,-1.8409339543045373
ERP038,low-support,picture_LPP,picture,LPP,400,500,P7|P6|P8|PO7|PO6,compatible,picture_type,own,compatible_own,19,3.0673097319280753
ERP038,low-support,picture_LPP,picture,LPP,400,500,P7|P6|P8|PO7|PO6,compatible,picture_type,unfamiliar,compatible_unfamiliar,20,2.9675834110553208
ERP038,low-support,picture_LPP,picture,LPP,400,500,P7|P6|P8|PO7|PO6,incompatible,picture_type,own,incompatible_own,19,4.8734042846432448
ERP038,low-support,picture_LPP,picture,LPP,400,500,P7|P6|P8|PO7|PO6,incompatible,picture_type,unfamiliar,incompatible_unfamiliar,18,6.8005659030225329
ERP039,low-support,picture_LPP,picture,LPP,400,500,P7|P6|P8|PO7|PO6,compatible,picture_type,own,compatible_own,17,-2.4723446338837265
ERP039,low-support,picture_LPP,picture,LPP,400,500,P7|P6|P8|PO7|PO6,compatible,picture_type,unfamiliar,compatible_unfamiliar,18,-4.5337088377884944
ERP039,low-support,picture_LPP,picture,LPP,400,500,P7|P6|P8|PO7|PO6,incompatible,picture_type,own,incompatible_own,15,-3.3382091182473439
ERP039,low-support,picture_LPP,picture,LPP,400,500,P7|P6|P8|PO7|PO6,incompatible,picture_type,unfamiliar,incompatible_unfamiliar,19,-4.5525515444949765
ERP040,low-support,picture_LPP,picture,LPP,400,500,P7|P6|P8|PO7|PO6,compatible,picture_type,own,compatible_own,20,6.5296602658646394
ERP040,low-support,picture_LPP,picture,LPP,400,500,P7|P6|P8|PO7|PO6,compatible,picture_type,unfamiliar,compatible_unfamiliar,20,9.4714466633698002
ERP040,low-support,picture_LPP,picture,LPP,400,500,P7|P6|P8|PO7|PO6,incompatible,picture_type,own,incompatible_own,20,5.2000543867203763
ERP040,low-support,picture_LPP,picture,LPP,400,500,P7|P6|P8|PO7|PO6,incompatible,picture_type,unfamiliar,incompatible_unfamiliar,20,9.4350454549153344
ERP041,low-support,picture_LPP,picture,LPP,400,500,P7|P6|P8|PO7|PO6,compatible,picture_type,own,compatible_own,19,0.31000144922188616
ERP041,low-support,picture_LPP,picture,LPP,400,500,P7|P6|P8|PO7|PO6,compatible,picture_type,unfamiliar,compatible_unfamiliar,20,2.623297309940356
ERP041,low-support,picture_LPP,picture,LPP,400,500,P7|P6|P8|PO7|PO6,incompatible,picture_type,own,incompatible_own,19,4.9156305776170273
ERP041,low-support,picture_LPP,picture,LPP,400,500,P7|P6|P8|PO7|PO6,incompatible,picture_type,unfamiliar,incompatible_unfamiliar,20,3.0058694710421561
ERP042,low-support,picture_LPP,picture,LPP,400,500,P7|P6|P8|PO7|PO6,compatible,picture_type,own,compatible_own,20,6.652142214860822
ERP042,low-support,picture_LPP,picture,LPP,400,500,P7|P6|P8|PO7|PO6,compatible,picture_type,unfamiliar,compatible_unfamiliar,19,7.059105806262119
ERP042,low-support,picture_LPP,picture,LPP,400,500,P7|P6|P8|PO7|PO6,incompatible,picture_type,own,incompatible_own,20,8.2981763608033496
ERP042,low-support,picture_LPP,picture,LPP,400,500,P7|P6|P8|PO7|PO6,incompatible,picture_type,unfamiliar,incompatible_unfamiliar,20,7.0073425002406395
ERP043,low-support,picture_LPP,picture,LPP,400,500,P7|P6|P8|PO7|PO6,compatible,picture_type,own,compatible_own,14,1.946158846034312
ERP043,low-support,picture_LPP,picture,LPP,400,500,P7|P6|P8|PO7|PO6,compatible,picture_type,unfamiliar,compatible_unfamiliar,10,4.0325540937249338
ERP043,low-support,picture_LPP,picture,LPP,400,500,P7|P6|P8|PO7|PO6,incompatible,picture_type,own,incompatible_own,3,7.4048584471764851
ERP043,low-support,picture_LPP,picture,LPP,400,500,P7|P6|P8|PO7|PO6,incompatible,picture_type,unfamiliar,incompatible_unfamiliar,2,5.8850543342380073
ERP044,low-support,picture_LPP,picture,LPP,400,500,P7|P6|P8|PO7|PO6,compatible,picture_type,own,compatible_own,20,4.5553702915747314
ERP044,low-support,picture_LPP,picture,LPP,400,500,P7|P6|P8|PO7|PO6,compatible,picture_type,unfamiliar,compatible_unfamiliar,20,2.9137736671946097
ERP044,low-support,picture_LPP,picture,LPP,400,500,P7|P6|P8|PO7|PO6,incompatible,picture_type,own,incompatible_own,19,2.5634472515722497
ERP044,low-support,picture_LPP,picture,LPP,400,500,P7|P6|P8|PO7|PO6,incompatible,picture_type,unfamiliar,incompatible_unfamiliar,19,5.3569267073922386
ERP045,low-support,picture_LPP,picture,LPP,400,500,P7|P6|P8|PO7|PO6,compatible,picture_type,own,compatible_own,18,5.473974541099083
ERP045,low-support,picture_LPP,picture,LPP,400,500,P7|P6|P8|PO7|PO6,compatible,picture_type,unfamiliar,compatible_unfamiliar,14,7.4157025388629734
ERP045,low-support,picture_LPP,picture,LPP,400,500,P7|P6|P8|PO7|PO6,incompatible,picture_type,own,incompatible_own,8,6.7614191177163576
ERP045,low-support,picture_LPP,picture,LPP,400,500,P7|P6|P8|PO7|PO6,incompatible,picture_type,unfamiliar,incompatible_unfamiliar,7,5.4223509082743586
ERP046,low-support,picture_LPP,picture,LPP,400,500,P7|P6|P8|PO7|PO6,compatible,picture_type,own,compatible_own,18,7.6420944977001586
ERP046,low-support,picture_LPP,picture,LPP,400,500,P7|P6|P8|PO7|PO6,compatible,picture_type,unfamiliar,compatible_unfamiliar,14,10.483592498477424
ERP046,low-support,picture_LPP,picture,LPP,400,500,P7|P6|P8|PO7|PO6,incompatible,picture_type,own,incompatible_own,1,3.1944336187701294
ERP046,low-support,picture_LPP,picture,LPP,400,500,P7|P6|P8|PO7|PO6,incompatible,picture_type,unfamiliar,incompatible_unfamiliar,4,13.200436731887176
ERP047,low-support,picture_LPP,picture,LPP,400,500,P7|P6|P8|PO7|PO6,compatible,picture_type,own,compatible_own,20,10.967491679741002
ERP047,low-support,picture_LPP,picture,LPP,400,500,P7|P6|P8|PO7|PO6,compatible,picture_type,unfamiliar,compatible_unfamiliar,20,10.275316421315187
ERP047,low-support,picture_LPP,picture,LPP,400,500,P7|P6|P8|PO7|PO6,incompatible,picture_type,own,incompatible_own,20,7.0976592010707718
ERP047,low-support,picture_LPP,picture,LPP,400,500,P7|P6|P8|PO7|PO6,incompatible,picture_type,unfamiliar,incompatible_unfamiliar,20,4.8990256040465905
ERP048,low-support,picture_LPP,picture,LPP,400,500,P7|P6|P8|PO7|PO6,compatible,picture_type,own,compatible_own,20,2.3132105046598652
ERP048,low-support,picture_LPP,picture,LPP,400,500,P7|P6|P8|PO7|PO6,compatible,picture_type,unfamiliar,compatible_unfamiliar,19,1.4196925942121541
ERP048,low-support,picture_LPP,picture,LPP,400,500,P7|P6|P8|PO7|PO6,incompatible,picture_type,own,incompatible_own,17,0.2734349694187429
ERP048,low-support,picture_LPP,picture,LPP,400,500,P7|P6|P8|PO7|PO6,incompatible,picture_type,unfamiliar,incompatible_unfamiliar,16,1.3830544902418473
ERP049,low-support,picture_LPP,picture,LPP,400,500,P7|P6|P8|PO7|PO6,compatible,picture_type,own,compatible_own,20,12.192141049108969
ERP049,low-support,picture_LPP,picture,LPP,400,500,P7|P6|P8|PO7|PO6,compatible,picture_type,unfamiliar,compatible_unfamiliar,20,14.118861209306704
ERP049,low-support,picture_LPP,picture,LPP,400,500,P7|P6|P8|PO7|PO6,incompatible,picture_type,own,incompatible_own,19,13.94638596977137
ERP049,low-support,picture_LPP,picture,LPP,400,500,P7|P6|P8|PO7|PO6,incompatible,picture_type,unfamiliar,incompatible_unfamiliar,19,13.859778127702086
ERP050,low-support,picture_LPP,picture,LPP,400,500,P7|P6|P8|PO7|PO6,compatible,picture_type,own,compatible_own,20,-1.8223767658563297
ERP050,low-support,picture_LPP,picture,LPP,400,500,P7|P6|P8|PO7|PO6,compatible,picture_type,unfamiliar,compatible_unfamiliar,20,3.2077426492301897
ERP050,low-support,picture_LPP,picture,LPP,400,500,P7|P6|P8|PO7|PO6,incompatible,picture_type,own,incompatible_own,20,-0.64445007129632503
ERP050,low-support,picture_LPP,picture,LPP,400,500,P7|P6|P8|PO7|PO6,incompatible,picture_type,unfamiliar,incompatible_unfamiliar,20,3.2181124687306637
ERP051,low-support,picture_LPP,picture,LPP,400,500,P7|P6|P8|PO7|PO6,compatible,picture_type,own,compatible_own,15,3.7643530165451899
ERP051,low-support,picture_LPP,picture,LPP,400,500,P7|P6|P8|PO7|PO6,compatible,picture_type,unfamiliar,compatible_unfamiliar,17,3.4098733103172778
ERP051,low-support,picture_LPP,picture,LPP,400,500,P7|P6|P8|PO7|PO6,incompatible,picture_type,own,incompatible_own,13,5.0474578234998795
ERP051,low-support,picture_LPP,picture,LPP,400,500,P7|P6|P8|PO7|PO6,incompatible,picture_type,unfamiliar,incompatible_unfamiliar,13,6.8563860587150263
ERP052,low-support,picture_LPP,picture,LPP,400,500,P7|P6|P8|PO7|PO6,compatible,picture_type,own,compatible_own,20,11.579136835458558
ERP052,low-support,picture_LPP,picture,LPP,400,500,P7|P6|P8|PO7|PO6,compatible,picture_type,unfamiliar,compatible_unfamiliar,20,10.147780809419084
ERP052,low-support,picture_LPP,picture,LPP,400,500,P7|P6|P8|PO7|PO6,incompatible,picture_type,own,incompatible_own,19,11.172003852313056
ERP052,low-support,picture_LPP,picture,LPP,400,500,P7|P6|P8|PO7|PO6,incompatible,picture_type,unfamiliar,incompatible_unfamiliar,19,11.01572824707403
ERP053,low-support,picture_LPP,picture,LPP,400,500,P7|P6|P8|PO7|PO6,compatible,picture_type,own,compatible_own,20,0.5166409758916144
ERP053,low-support,picture_LPP,picture,LPP,400,500,P7|P6|P8|PO7|PO6,compatible,picture_type,unfamiliar,compatible_unfamiliar,20,0.86516024691356253
ERP053,low-support,picture_LPP,picture,LPP,400,500,P7|P6|P8|PO7|PO6,incompatible,picture_type,own,incompatible_own,17,2.8719365493721924
ERP053,low-support,picture_LPP,picture,LPP,400,500,P7|P6|P8|PO7|PO6,incompatible,picture_type,unfamiliar,incompatible_unfamiliar,17,0.88619055042178907
ERP054,low-support,picture_LPP,picture,LPP,400,500,P7|P6|P8|PO7|PO6,compatible,picture_type,own,compatible_own,12,10.286501245132637
ERP054,low-support,picture_LPP,picture,LPP,400,500,P7|P6|P8|PO7|PO6,compatible,picture_type,unfamiliar,compatible_unfamiliar,15,11.74457945536215
ERP054,low-support,picture_LPP,picture,LPP,400,500,P7|P6|P8|PO7|PO6,incompatible,picture_type,own,incompatible_own,15,10.002296707006916
ERP054,low-support,picture_LPP,picture,LPP,400,500,P7|P6|P8|PO7|PO6,incompatible,picture_type,unfamiliar,incompatible_unfamiliar,13,12.595748431966941
ERP055,low-support,picture_LPP,picture,LPP,400,500,P7|P6|P8|PO7|PO6,compatible,picture_type,own,compatible_own,15,1.9407225030541739
ERP055,low-support,picture_LPP,picture,LPP,400,500,P7|P6|P8|PO7|PO6,compatible,picture_type,unfamiliar,compatible_unfamiliar,18,8.647351316147823
ERP055,low-support,picture_LPP,picture,LPP,400,500,P7|P6|P8|PO7|PO6,incompatible,picture_type,own,incompatible_own,14,1.9015356599538786
ERP055,low-support,picture_LPP,picture,LPP,400,500,P7|P6|P8|PO7|PO6,incompatible,picture_type,unfamiliar,incompatible_unfamiliar,14,12.049734226927873
ERP056,low-support,picture_LPP,picture,LPP,400,500,P7|P6|P8|PO7|PO6,compatible,picture_type,own,compatible_own,13,15.309260721979252
ERP056,low-support,picture_LPP,picture,LPP,400,500,P7|P6|P8|PO7|PO6,compatible,picture_type,unfamiliar,compatible_unfamiliar,11,16.335921271306955
ERP056,low-support,picture_LPP,picture,LPP,400,500,P7|P6|P8|PO7|PO6,incompatible,picture_type,own,incompatible_own,14,20.736377501081879
ERP056,low-support,picture_LPP,picture,LPP,400,500,P7|P6|P8|PO7|PO6,incompatible,picture_type,unfamiliar,incompatible_unfamiliar,8,10.678626664479918
ERP059,low-support,picture_LPP,picture,LPP,400,500,P7|P6|P8|PO7|PO6,compatible,picture_type,own,compatible_own,17,1.7401960389869706
ERP059,low-support,picture_LPP,picture,LPP,400,500,P7|P6|P8|PO7|PO6,compatible,picture_type,unfamiliar,compatible_unfamiliar,18,2.8852660051927836
ERP059,low-support,picture_LPP,picture,LPP,400,500,P7|P6|P8|PO7|PO6,incompatible,picture_type,own,incompatible_own,12,-1.9952636579215905
ERP059,low-support,picture_LPP,picture,LPP,400,500,P7|P6|P8|PO7|PO6,incompatible,picture_type,unfamiliar,incompatible_unfamiliar,10,3.7259892953519129
ERP060,low-support,picture_LPP,picture,LPP,400,500,P7|P6|P8|PO7|PO6,compatible,picture_type,own,compatible_own,15,-1.919999555478374
ERP060,low-support,picture_LPP,picture,LPP,400,500,P7|P6|P8|PO7|PO6,compatible,picture_type,unfamiliar,compatible_unfamiliar,13,-1.5041267097580391
ERP060,low-support,picture_LPP,picture,LPP,400,500,P7|P6|P8|PO7|PO6,incompatible,picture_type,own,incompatible_own,12,0.7800902807084068
ERP060,low-support,picture_LPP,picture,LPP,400,500,P7|P6|P8|PO7|PO6,incompatible,picture_type,unfamiliar,incompatible_unfamiliar,10,-3.0027867429998212
